AAACCTGAGTTAAGTG-1	normal
AAACCTGGTAGCAAAT-1	normal
AAACCTGGTCACCTAA-1	normal
AAACGGGAGCCCAATT-1	normal
AAACGGGCAAGCCCAC-1	normal
AAACGGGCAAGGTGTG-1	normal
AAACGGGCAGATGGCA-1	normal
AAACGGGGTCAGGACA-1	normal
AAACGGGGTTGCGCAC-1	normal
AAACGGGTCATCGGAT-1	normal
AAAGATGAGATCCTGT-1	normal
AAAGATGAGCCAGGAT-1	normal
AAAGATGAGGACATTA-1	normal
AAAGATGTCGCTTGTC-1	normal
AAAGCAACATTTCACT-1	normal
AAAGCAAGTATAATGG-1	normal
AAAGCAAGTGTTTGTG-1	normal
AAAGCAATCACCATAG-1	normal
AAAGCAATCAGCTCTC-1	normal
AAAGCAATCCTAGGGC-1	normal
AAAGCAATCTCTGCTG-1	normal
AAAGTAGAGTACACCT-1	normal
AAAGTAGCAAAGTCAA-1	normal
AAAGTAGCAGACACTT-1	normal
AAAGTAGCATATGAGA-1	normal
AAAGTAGTCAACCAAC-1	normal
AAATGCCCATACGCCG-1	normal
AAATGCCGTGCCTGGT-1	normal
AAATGCCTCGTTACAG-1	normal
AACACGTAGACACTAA-1	normal
AACACGTCATGTCTCC-1	normal
AACACGTGTTCGTCTC-1	normal
AACCATGCACGAAATA-1	normal
AACCATGGTTCAGTAC-1	normal
AACCATGTCCCAAGTA-1	normal
AACCGCGAGACATAAC-1	normal
AACCGCGAGAGTACCG-1	normal
AACCGCGAGCCAGAAC-1	normal
AACCGCGCAACTGCGC-1	normal
AACCGCGGTAATCGTC-1	normal
AACGTTGAGGCGTACA-1	normal
AACGTTGCAATGACCT-1	normal
AACGTTGCAGTAACGG-1	normal
AACGTTGGTAAACACA-1	normal
AACGTTGGTATCGCAT-1	normal
AACGTTGTCGTCCAGG-1	normal
AACTCAGAGACTTGAA-1	normal
AACTCAGAGCGCCTTG-1	normal
AACTCAGAGTCTTGCA-1	normal
AACTCAGCATCGACGC-1	normal
AACTCAGGTACCGTAT-1	normal
AACTCAGGTGCACTTA-1	normal
AACTCAGGTTAGATGA-1	normal
AACTCAGGTTCACCTC-1	normal
AACTCAGTCCCTTGTG-1	normal
AACTCCCAGGACAGCT-1	normal
AACTCTTAGATCTGCT-1	normal
AACTCTTAGGCCCTCA-1	normal
AACTCTTTCTACTTAC-1	normal
AACTCTTTCTCAAGTG-1	normal
AACTGGTCAAGAGTCG-1	normal
AACTGGTGTAAATGAC-1	normal
AACTGGTTCACAACGT-1	normal
AACTTTCAGATCCGAG-1	normal
AACTTTCAGGCTATCT-1	normal
AACTTTCCACCGATAT-1	normal
AACTTTCGTTCATGGT-1	normal
AACTTTCTCAGCGACC-1	normal
AACTTTCTCCCGACTT-1	normal
AACTTTCTCCGCGCAA-1	normal
AAGACCTAGATGTCGG-1	normal
AAGACCTAGCGTAATA-1	normal
AAGACCTCATCGATGT-1	normal
AAGACCTGTATGCTTG-1	normal
AAGACCTGTCCAAGTT-1	normal
AAGACCTGTTACGCGC-1	normal
AAGACCTTCGAACGGA-1	normal
AAGACCTTCGGGAGTA-1	normal
AAGACCTTCGTCCAGG-1	normal
AAGACCTTCGTGGACC-1	normal
AAGCCGCAGTCTTGCA-1	normal
AAGCCGCGTAGCGTAG-1	normal
AAGCCGCTCGAGAACG-1	normal
AAGCCGCTCTACTATC-1	normal
AAGCCGCTCTAGCACA-1	normal
AAGCCGCTCTATCGCC-1	normal
AAGGAGCAGTGAACAT-1	normal
AAGGAGCCAGCTCGAC-1	normal
AAGGAGCGTTTCGCTC-1	normal
AAGGAGCTCAGGTAAA-1	normal
AAGGCAGAGCCGTCGT-1	normal
AAGGCAGAGTCTCCTC-1	normal
AAGGCAGGTAACGCGA-1	normal
AAGGCAGGTTAAGAAC-1	normal
AAGGCAGGTTCCTCCA-1	normal
AAGGCAGTCAGCTGGC-1	normal
AAGGCAGTCATGCAAC-1	normal
AAGGTTCAGAAACCAT-1	normal
AAGGTTCAGGCTATCT-1	normal
AAGGTTCCACCACCAG-1	normal
AAGGTTCCAGGGTATG-1	normal
AAGGTTCCATCCCATC-1	normal
AAGGTTCGTGTGCGTC-1	normal
AAGGTTCGTTCACCTC-1	normal
AAGGTTCTCAACACGT-1	normal
AAGGTTCTCCTACAGA-1	normal
AAGGTTCTCTACTTAC-1	normal
AAGTCTGAGCGTTCCG-1	normal
AAGTCTGAGCTCTCGG-1	normal
AAGTCTGAGGTGTGGT-1	normal
AAGTCTGCAAACCTAC-1	normal
AAGTCTGCAAATCCGT-1	normal
AAGTCTGGTTCTGGTA-1	normal
AAGTCTGTCCATTCTA-1	normal
AATCCAGAGAATCTCC-1	normal
AATCCAGCACTTGGAT-1	normal
AATCCAGTCATTCACT-1	normal
AATCGGTAGATCCGAG-1	normal
AATCGGTAGGTAGCCA-1	normal
AATCGGTGTACTTCTT-1	normal
AATCGGTGTCTTCGTC-1	normal
AATCGGTTCCAAAGTC-1	normal
AATCGGTTCCAAATGC-1	normal
AATCGGTTCTGTCAAG-1	normal
ACACCAAAGACGCAAC-1	normal
ACACCAAAGTGTGGCA-1	normal
ACACCAACAAAGAATC-1	normal
ACACCAACACAACGTT-1	normal
ACACCAAGTATTACCG-1	normal
ACACCAAGTCAGAAGC-1	normal
ACACCAAGTGTTCGAT-1	normal
ACACCAAGTTACTGAC-1	normal
ACACCAATCAACACAC-1	normal
ACACCAATCATTGCCC-1	normal
ACACCCTAGCGATAGC-1	normal
ACACCCTAGCTAGTTC-1	normal
ACACCCTAGGGATGGG-1	normal
ACACCCTAGTCACGCC-1	normal
ACACCCTAGTCCGGTC-1	normal
ACACCCTCAAACCTAC-1	normal
ACACCCTGTATGAAAC-1	normal
ACACCCTGTGTGGTTT-1	normal
ACACCCTGTTTCGCTC-1	normal
ACACCCTTCCCAAGTA-1	normal
ACACCGGAGAACAATC-1	normal
ACACCGGAGCGATAGC-1	normal
ACACCGGCAGAGCCAA-1	normal
ACACCGGCATAGAAAC-1	normal
ACACCGGGTCAATACC-1	normal
ACACTGAAGAACTCGG-1	normal
ACACTGAAGACAGGCT-1	normal
ACACTGAAGAGATGAG-1	normal
ACACTGAAGCGATTCT-1	normal
ACACTGAGTAACGACG-1	normal
ACACTGAGTCGTCTTC-1	normal
ACACTGAGTGTGGCTC-1	normal
ACACTGATCAACGCTA-1	normal
ACACTGATCAGTGCAT-1	normal
ACACTGATCCAAACAC-1	normal
ACACTGATCCGTCATC-1	normal
ACAGCCGAGTGTACTC-1	normal
ACAGCCGCAAGCCATT-1	normal
ACAGCCGCAAGCCCAC-1	normal
ACAGCCGCAATGGACG-1	normal
ACAGCCGCACAACGTT-1	normal
ACAGCCGGTCGCTTTC-1	normal
ACAGCCGTCGTCGTTC-1	normal
ACAGCTAAGCATCATC-1	normal
ACAGCTAAGCGCTCCA-1	normal
ACAGCTACAGACTCGC-1	normal
ACAGCTACAGCTATTG-1	normal
ACAGCTAGTCCGTGAC-1	normal
ACAGCTAGTCGAAAGC-1	normal
ACAGCTAGTCGGCATC-1	normal
ACAGCTAGTGACGCCT-1	normal
ACAGCTATCACAAACC-1	normal
ACAGCTATCACAACGT-1	normal
ACAGCTATCATGTCCC-1	normal
ACAGCTATCGTCCAGG-1	normal
ACAGCTATCTTCGGTC-1	normal
ACATACGAGATCTGAA-1	normal
ACATACGAGGGTATCG-1	normal
ACATACGCAGACGTAG-1	normal
ACATACGCAGCCTATA-1	normal
ACATACGGTTCGTTGA-1	normal
ACATACGTCAGTCAGT-1	normal
ACATACGTCCAATGGT-1	normal
ACATACGTCGCAGGCT-1	normal
ACATCAGAGATGCGAC-1	normal
ACATCAGAGCACGCCT-1	normal
ACATCAGCACCAGCAC-1	normal
ACATCAGGTGCAGTAG-1	normal
ACATCAGTCACGAAGG-1	normal
ACATGGTAGCATCATC-1	normal
ACATGGTAGGAGCGTT-1	normal
ACATGGTAGTTCGCGC-1	normal
ACATGGTCAGATTGCT-1	normal
ACATGGTGTAAGGATT-1	normal
ACATGGTGTCATTAGC-1	normal
ACATGGTGTCGCGGTT-1	normal
ACATGGTGTCGGGTCT-1	normal
ACATGGTTCGCTTGTC-1	normal
ACATGGTTCGGTTAAC-1	normal
ACCAGTAAGACCTAGG-1	normal
ACCAGTAAGAGTGACC-1	normal
ACCAGTAAGATATACG-1	normal
ACCAGTAAGATGTCGG-1	normal
ACCAGTAAGTGAAGTT-1	normal
ACCAGTACAAGTAGTA-1	normal
ACCAGTACATCGTCGG-1	normal
ACCAGTAGTGATAAGT-1	normal
ACCAGTAGTGTTTGTG-1	normal
ACCAGTATCAAAGACA-1	normal
ACCAGTATCCGCAAGC-1	normal
ACCCACTGTATAATGG-1	normal
ACCCACTTCAATAAGG-1	normal
ACCCACTTCTTGCAAG-1	normal
ACCGTAAAGGACTGGT-1	normal
ACCGTAAAGTAGGCCA-1	normal
ACCGTAAAGTGCCATT-1	normal
ACCGTAACAAGCCCAC-1	normal
ACCGTAACACCAACCG-1	normal
ACCGTAACACCCATGG-1	normal
ACCGTAACAGGTGCCT-1	normal
ACCGTAACATAGACTC-1	normal
ACCGTAACATGCATGT-1	normal
ACCGTAAGTACGACCC-1	normal
ACCGTAAGTGAGGGAG-1	normal
ACCGTAATCTCAACTT-1	normal
ACCTTTACACGGCGTT-1	normal
ACCTTTACATCCAACA-1	normal
ACCTTTACATGATCCA-1	normal
ACCTTTACATTCACTT-1	normal
ACCTTTAGTAGCCTAT-1	normal
ACCTTTAGTGCAACGA-1	normal
ACCTTTATCGCGATCG-1	normal
ACGAGCCAGATACACA-1	normal
ACGAGCCAGCCAGTAG-1	normal
ACGAGCCAGTCGAGTG-1	normal
ACGAGCCCACCTCGTT-1	normal
ACGAGCCGTAAGTAGT-1	normal
ACGAGCCGTCTGCGGT-1	normal
ACGAGCCTCACCACCT-1	normal
ACGAGCCTCACCGGGT-1	normal
ACGAGGACAGGTGGAT-1	normal
ACGAGGACATCACAAC-1	normal
ACGAGGAGTAAAGGAG-1	normal
ACGAGGAGTCCGAATT-1	normal
ACGAGGAGTCGTGGCT-1	normal
ACGAGGAGTCTCCCTA-1	normal
ACGAGGATCCCTTGCA-1	normal
ACGATACAGTACGACG-1	normal
ACGATACCACATTCGA-1	normal
ACGATACGTAGCTTGT-1	normal
ACGATACTCTCCAGGG-1	normal
ACGATGTTCATCTGTT-1	normal
ACGATGTTCCAAATGC-1	normal
ACGATGTTCCTGTAGA-1	normal
ACGATGTTCTCACATT-1	normal
ACGATGTTCTGCCAGG-1	normal
ACGCAGCAGACAAAGG-1	normal
ACGCAGCAGCGCTCCA-1	normal
ACGCAGCCAAGTCTAC-1	normal
ACGCAGCGTCGTGGCT-1	normal
ACGCAGCTCTGCGGCA-1	normal
ACGCCAGAGCTAAACA-1	normal
ACGCCAGAGGAGTTTA-1	normal
ACGCCAGAGTCCTCCT-1	normal
ACGCCAGCAAGTTGTC-1	normal
ACGCCAGGTACGACCC-1	normal
ACGCCGAAGCTGATAA-1	normal
ACGCCGAAGGAACTGC-1	normal
ACGCCGAAGGAGTAGA-1	normal
ACGCCGAAGGATGGAA-1	normal
ACGCCGAAGTGGAGTC-1	normal
ACGCCGACAGCTATTG-1	normal
ACGCCGAGTATTACCG-1	normal
ACGCCGATCACCTCGT-1	normal
ACGCCGATCCTATGTT-1	normal
ACGCCGATCGGCGGTT-1	normal
ACGCCGATCTGAGGGA-1	normal
ACGGAGAAGCTAAACA-1	normal
ACGGAGAAGTGAATTG-1	normal
ACGGAGACATACGCTA-1	normal
ACGGAGACATTGAGCT-1	normal
ACGGAGAGTTCAGACT-1	normal
ACGGCCAAGAAGGCCT-1	normal
ACGGCCAAGAGAGCTC-1	normal
ACGGCCAAGTGCTGCC-1	normal
ACGGCCACAAGCGCTC-1	normal
ACGGCCACAGGTCTCG-1	normal
ACGGCCACATTGTGCA-1	normal
ACGGCCAGTCAGAATA-1	normal
ACGGGCTCAAGCCATT-1	normal
ACGGGCTCAATACGCT-1	normal
ACGGGCTCATGACGGA-1	normal
ACGGGCTGTCTGATCA-1	normal
ACGGGTCAGTGGTAGC-1	normal
ACGGGTCCAGGTCGTC-1	normal
ACGGGTCGTTGGGACA-1	normal
ACGGGTCTCATTATCC-1	normal
ACGGGTCTCCAGAAGG-1	normal
ACGTCAAAGAATGTGT-1	normal
ACGTCAACATCGGTTA-1	normal
ACGTCAAGTATAGGGC-1	normal
ACGTCAAGTCATGCAT-1	normal
ACGTCAAGTTTGGGCC-1	normal
ACGTCAATCGCCAAAT-1	normal
ACTATCTCAGTTAACC-1	normal
ACTATCTGTAAGAGGA-1	normal
ACTATCTGTAAGTGGC-1	normal
ACTATCTGTCCATCCT-1	normal
ACTATCTGTGATGTCT-1	normal
ACTATCTTCAACCAAC-1	normal
ACTATCTTCAGTTGAC-1	normal
ACTATCTTCTGGCGTG-1	normal
ACTATCTTCTGTCCGT-1	normal
ACTGAACAGAGACTAT-1	normal
ACTGAACAGCTTTGGT-1	normal
ACTGAACAGGAGTACC-1	normal
ACTGAACCAATAGCAA-1	normal
ACTGAACCAGACAAGC-1	normal
ACTGAACGTACTTAGC-1	normal
ACTGAACGTAGAGGAA-1	normal
ACTGAACGTAGCTTGT-1	normal
ACTGAACTCGGTTAAC-1	normal
ACTGAGTTCAACTCTT-1	normal
ACTGATGAGAATTCCC-1	normal
ACTGATGAGCCCAATT-1	normal
ACTGATGCAGGACCCT-1	normal
ACTGATGGTACACCGC-1	normal
ACTGATGGTGAACCTT-1	normal
ACTGATGTCCAATGGT-1	normal
ACTGATGTCTCAAACG-1	normal
ACTGATGTCTCCAGGG-1	normal
ACTGATGTCTGAGTGT-1	normal
ACTGCTCAGTACGCGA-1	normal
ACTGCTCAGTCGTACT-1	normal
ACTGCTCGTACCGTAT-1	normal
ACTGCTCTCGTAGGTT-1	normal
ACTGCTCTCTTGCAAG-1	normal
ACTGTCCAGGATATAC-1	normal
ACTGTCCAGTGTCCCG-1	normal
ACTGTCCCACCGAAAG-1	normal
ACTGTCCCACCTCGTT-1	normal
ACTGTCCTCAGATAAG-1	normal
ACTGTCCTCCGAATGT-1	normal
ACTGTCCTCGGTCTAA-1	normal
ACTTACTCAGCTGTAT-1	normal
ACTTACTCAGGAATGC-1	normal
ACTTACTCATGGATGG-1	normal
ACTTACTGTCTCACCT-1	normal
ACTTACTTCCAGAAGG-1	normal
ACTTACTTCTTCTGGC-1	normal
ACTTGTTCAGTCGTGC-1	normal
ACTTGTTGTAAATGAC-1	normal
ACTTGTTGTGGCAAAC-1	normal
ACTTGTTTCGCCTGTT-1	normal
ACTTGTTTCGTAGATC-1	normal
ACTTTCAAGTAAGTAC-1	normal
ACTTTCAAGTAGGTGC-1	normal
ACTTTCACATGCCCGA-1	normal
ACTTTCAGTAGAGTGC-1	normal
ACTTTCAGTATATCCG-1	normal
ACTTTCAGTGTGGCTC-1	normal
ACTTTCATCCCATTTA-1	normal
ACTTTCATCGCCGTGA-1	normal
AGAATAGAGTGTTGAA-1	normal
AGAATAGCAAGCGAGT-1	normal
AGAATAGCAAGTTCTG-1	normal
AGAATAGCAGCTGTTA-1	normal
AGACGTTAGAGACGAA-1	normal
AGACGTTAGAGCTATA-1	normal
AGACGTTAGCGATTCT-1	normal
AGACGTTCAACAACCT-1	normal
AGACGTTCACATCCGG-1	normal
AGACGTTCAGATCGGA-1	normal
AGACGTTCAGGGTACA-1	normal
AGACGTTCATAAGACA-1	normal
AGACGTTCATCGGAAG-1	normal
AGACGTTCATGCCTTC-1	normal
AGACGTTGTAAGGGAA-1	normal
AGACGTTGTTCAGTAC-1	normal
AGACGTTGTTGACGTT-1	normal
AGAGCGAAGAGCTGGT-1	normal
AGAGCGAAGCCGATTT-1	normal
AGAGCGAGTCGAGATG-1	normal
AGAGCGAGTTACGACT-1	normal
AGAGCGATCACTTATC-1	normal
AGAGCGATCTACCAGA-1	normal
AGAGCTTAGATCCCGC-1	normal
AGAGCTTAGATGCGAC-1	normal
AGAGCTTAGCTGATAA-1	normal
AGAGCTTTCACGCATA-1	normal
AGAGCTTTCCCAAGAT-1	normal
AGAGTGGCAAGCTGGA-1	normal
AGAGTGGCATTTGCCC-1	normal
AGAGTGGGTCTTGCGG-1	normal
AGAGTGGGTGTTTGTG-1	normal
AGAGTGGTCGTACCGG-1	normal
AGATCTGAGCCATCGC-1	normal
AGATCTGCAGCGTAAG-1	normal
AGATCTGGTACATGTC-1	normal
AGATCTGTCAACCATG-1	normal
AGATCTGTCGCCTGTT-1	normal
AGATTGCCAAGGGTCA-1	normal
AGATTGCCAGCTGGCT-1	normal
AGATTGCGTCCCGACA-1	normal
AGATTGCTCGCCAAAT-1	normal
AGATTGCTCTCTGTCG-1	normal
AGCAGCCAGCGAAGGG-1	normal
AGCAGCCAGTCATCCA-1	normal
AGCAGCCAGTCTCGGC-1	normal
AGCAGCCCAAAGGAAG-1	normal
AGCAGCCCAGATGAGC-1	normal
AGCAGCCCAGTGACAG-1	normal
AGCAGCCGTGGACGAT-1	normal
AGCAGCCTCTCGCTTG-1	normal
AGCATACAGAGTACAT-1	normal
AGCATACAGCTCCTTC-1	normal
AGCATACAGCTTATCG-1	normal
AGCATACCAAACTGCT-1	normal
AGCATACCACTCGACG-1	normal
AGCATACGTAAAGTCA-1	normal
AGCATACGTCTAGCCG-1	normal
AGCATACGTGTGTGCC-1	normal
AGCATACGTTTGGGCC-1	normal
AGCATACTCAAGGCTT-1	normal
AGCATACTCACTGGGC-1	normal
AGCATACTCAGTCAGT-1	normal
AGCCTAACAACTGCTA-1	normal
AGCCTAACACCTCGGA-1	normal
AGCCTAACAGTACACT-1	normal
AGCCTAAGTTCATGGT-1	normal
AGCCTAATCGTGGGAA-1	normal
AGCGGTCCATGCCCGA-1	normal
AGCGGTCGTAGAGTGC-1	normal
AGCGGTCTCTACTCAT-1	normal
AGCGGTCTCTGGCGAC-1	normal
AGCGTATAGAATCTCC-1	normal
AGCGTATAGCGTTCCG-1	normal
AGCGTATAGTCCATAC-1	normal
AGCGTATCAGTGAGTG-1	normal
AGCGTATGTCTAGGTT-1	normal
AGCGTATGTTCCGTCT-1	normal
AGCGTATTCAATCACG-1	normal
AGCGTATTCCGAGCCA-1	normal
AGCGTCGAGACCCACC-1	normal
AGCGTCGAGAGGTTGC-1	normal
AGCGTCGAGATCTGAA-1	normal
AGCGTCGAGGAGTCTG-1	normal
AGCGTCGAGTGCGATG-1	normal
AGCGTCGCACAAGTAA-1	normal
AGCGTCGCAGCTTCGG-1	normal
AGCGTCGGTCTCACCT-1	normal
AGCGTCGTCATGTAGC-1	normal
AGCGTCGTCGTACGGC-1	normal
AGCTCCTAGCTGCCCA-1	normal
AGCTCCTAGTACACCT-1	normal
AGCTCCTCAAAGTGCG-1	normal
AGCTCCTCACAGGCCT-1	normal
AGCTCCTGTTGAACTC-1	normal
AGCTCTCAGATCGGGT-1	normal
AGCTCTCAGTCCCACG-1	normal
AGCTCTCAGTTACGGG-1	normal
AGCTCTCCAGCTTAAC-1	normal
AGCTCTCCATGGTTGT-1	normal
AGCTCTCGTATAGGGC-1	normal
AGCTCTCTCATTATCC-1	normal
AGCTTGAAGATGCCAG-1	normal
AGCTTGACACTGAAGG-1	normal
AGCTTGATCCCTCTTT-1	normal
AGCTTGATCCTGCAGG-1	normal
AGGCCACCACCTGGTG-1	normal
AGGCCACCAGCATGAG-1	normal
AGGCCACCAGTGGGAT-1	normal
AGGCCACTCAAAGTAG-1	normal
AGGCCGTGTCCATCCT-1	normal
AGGCCGTGTCTCGTTC-1	normal
AGGCCGTGTGGCCCTA-1	normal
AGGCCGTTCACGACTA-1	normal
AGGCCGTTCTGGGCCA-1	normal
AGGGAGTAGACTCGGA-1	normal
AGGGAGTTCGCCCTTA-1	normal
AGGGAGTTCGGATGGA-1	normal
AGGGAGTTCTACTTAC-1	normal
AGGGATGCAACAACCT-1	normal
AGGGATGGTAGCGTCC-1	normal
AGGGATGGTTGGAGGT-1	normal
AGGGATGTCATCTGCC-1	normal
AGGGTGAAGACTACAA-1	normal
AGGGTGAAGCAACGGT-1	normal
AGGGTGACAGGGCATA-1	normal
AGGGTGAGTATAGGTA-1	normal
AGGGTGAGTGTAATGA-1	normal
AGGGTGATCGGAAACG-1	normal
AGGTCATAGACAGACC-1	normal
AGGTCATAGCCGATTT-1	normal
AGGTCATAGGTGCAAC-1	normal
AGGTCATGTTTCCACC-1	normal
AGGTCATTCATCACCC-1	normal
AGGTCATTCGGAAACG-1	normal
AGGTCATTCTCGAGTA-1	normal
AGGTCCGAGGCGATAC-1	normal
AGGTCCGCAGTGGGAT-1	normal
AGGTCCGGTATATGAG-1	normal
AGGTCCGGTCACTTCC-1	normal
AGGTCCGTCTACTATC-1	normal
AGGTCCGTCTGCAGTA-1	normal
AGGTCCGTCTTAACCT-1	normal
AGTAGTCCACTTCTGC-1	normal
AGTAGTCTCACCCTCA-1	normal
AGTCTTTAGCCTTGAT-1	normal
AGTCTTTCAGTAAGAT-1	normal
AGTCTTTCATGCATGT-1	normal
AGTCTTTGTACAGTTC-1	normal
AGTGAGGCAATAGAGT-1	normal
AGTGAGGGTGGTACAG-1	normal
AGTGAGGTCAAGGCTT-1	normal
AGTGAGGTCCTCAACC-1	normal
AGTGGGAAGTACGTAA-1	normal
AGTGGGACACGGATAG-1	normal
AGTGGGAGTGTGAATA-1	normal
AGTGGGATCAAGAAGT-1	normal
AGTGGGATCCTATGTT-1	normal
AGTGGGATCGTCTGCT-1	normal
AGTGTCAAGGTGGGTT-1	normal
AGTGTCACAAACGCGA-1	normal
AGTGTCACAATAAGCA-1	normal
AGTGTCACATCCTTGC-1	normal
AGTGTCACATGCTAGT-1	normal
AGTGTCACATTGCGGC-1	normal
AGTGTCAGTACCAGTT-1	normal
AGTGTCAGTCTTGTCC-1	normal
AGTGTCATCACTATTC-1	normal
AGTGTCATCAGGATCT-1	normal
AGTGTCATCCGCAAGC-1	normal
AGTGTCATCGCCAGCA-1	normal
AGTGTCATCTACCAGA-1	normal
AGTTGGTAGCTAACAA-1	normal
AGTTGGTCACCCTATC-1	normal
AGTTGGTCACCGAAAG-1	normal
AGTTGGTCAGGACCCT-1	normal
AGTTGGTCATGTTCCC-1	normal
AGTTGGTGTGTTCGAT-1	normal
AGTTGGTGTTCAACCA-1	normal
AGTTGGTTCCACGAAT-1	normal
AGTTGGTTCCTGCCAT-1	normal
AGTTGGTTCGCCAGCA-1	normal
AGTTGGTTCTGCTGTC-1	normal
AGTTGGTTCTGGCGAC-1	normal
AGTTGGTTCTGTCTCG-1	normal
AGTTGGTTCTTAACCT-1	normal
ATAACGCAGAATAGGG-1	normal
ATAACGCAGACTGGGT-1	normal
ATAACGCAGGGATACC-1	normal
ATAACGCCAATCTGCA-1	normal
ATAACGCCACAGAGGT-1	normal
ATAACGCCAGTGGGAT-1	normal
ATAACGCGTAAGTGTA-1	normal
ATAACGCGTACAGACG-1	normal
ATAACGCGTTAGTGGG-1	normal
ATAACGCTCACTTACT-1	normal
ATAAGAGAGACTTGAA-1	normal
ATAAGAGCAGGCGATA-1	normal
ATAAGAGCATAAAGGT-1	normal
ATAAGAGTCGGAAACG-1	normal
ATAAGAGTCTGGTGTA-1	normal
ATAGACCGTCCCTTGT-1	normal
ATAGACCGTGCCTTGG-1	normal
ATAGACCGTTTGTTGG-1	normal
ATAGACCTCAGCGATT-1	normal
ATAGACCTCCACTGGG-1	normal
ATAGACCTCGCATGGC-1	normal
ATAGACCTCGTTGACA-1	normal
ATAGACCTCTTTAGTC-1	normal
ATCACGAAGGATCGCA-1	normal
ATCACGAAGGCGACAT-1	normal
ATCACGAAGTACGACG-1	normal
ATCACGAAGTGAACGC-1	normal
ATCACGAGTATGGTTC-1	normal
ATCACGAGTCATGCCG-1	normal
ATCACGAGTTTGGCGC-1	normal
ATCACGATCGGCATCG-1	normal
ATCATCTAGACTAGGC-1	normal
ATCATCTAGCCATCGC-1	normal
ATCATCTGTCTCCATC-1	normal
ATCATCTTCTTGCATT-1	normal
ATCATGGAGGCCATAG-1	normal
ATCATGGCAAACAACA-1	normal
ATCATGGCAGTCACTA-1	normal
ATCATGGGTTAAGAAC-1	normal
ATCATGGTCGTTACGA-1	normal
ATCCACCAGAGAACAG-1	normal
ATCCACCAGCAGCGTA-1	normal
ATCCACCCAAACAACA-1	normal
ATCCACCCAGCTGCAC-1	normal
ATCCACCCATGCAATC-1	normal
ATCCACCGTTGTGGAG-1	normal
ATCCACCTCTCCAACC-1	normal
ATCCACCTCTGAAAGA-1	normal
ATCCGAAAGAGGGCTT-1	normal
ATCCGAAAGTGGGTTG-1	normal
ATCCGAACACATCCAA-1	normal
ATCCGAACATCAGTCA-1	normal
ATCCGAAGTAGCTAAA-1	normal
ATCCGAAGTGAGTGAC-1	normal
ATCCGAAGTTCCTCCA-1	normal
ATCCGAAGTTCTGTTT-1	normal
ATCGAGTAGAAACCAT-1	normal
ATCGAGTAGGTAAACT-1	normal
ATCGAGTCAGTGACAG-1	normal
ATCGAGTCATCACAAC-1	normal
ATCGAGTGTACAGTGG-1	normal
ATCGAGTGTGAGCGAT-1	normal
ATCGAGTTCATAACCG-1	normal
ATCGAGTTCCTTGCCA-1	normal
ATCGAGTTCTTGTCAT-1	normal
ATCTACTAGAATCTCC-1	normal
ATCTACTAGTCACGCC-1	normal
ATCTACTCATGCATGT-1	normal
ATCTACTGTAGGGTAC-1	normal
ATCTACTGTTCAGACT-1	normal
ATCTACTGTTCTGAAC-1	normal
ATCTACTTCATGCATG-1	normal
ATCTACTTCCCATTAT-1	normal
ATCTGCCAGGAATGGA-1	normal
ATCTGCCAGGACGAAA-1	normal
ATCTGCCCACCGAAAG-1	normal
ATCTGCCGTTCCATGA-1	normal
ATGCGATAGAGCCCAA-1	normal
ATGCGATAGTGACTCT-1	normal
ATGCGATAGTGCCATT-1	normal
ATGCGATCAGCGTCCA-1	normal
ATGCGATTCACCCGAG-1	normal
ATGGGAGAGAAACCTA-1	normal
ATGGGAGAGGTAGCTG-1	normal
ATGGGAGAGTACTTGC-1	normal
ATGGGAGCAGTAAGCG-1	normal
ATGGGAGGTTGGAGGT-1	normal
ATGGGAGTCCTTGCCA-1	normal
ATGTGTGAGATGTGTA-1	normal
ATGTGTGAGGCCCTCA-1	normal
ATGTGTGAGGGTCTCC-1	normal
ATGTGTGCACCACCAG-1	normal
ATGTGTGCACGTGAGA-1	normal
ATGTGTGGTATATGGA-1	normal
ATGTGTGTCTGCTGCT-1	normal
ATGTGTGTCTGGCGTG-1	normal
ATTACTCAGCTAAGAT-1	normal
ATTACTCCAACACCCG-1	normal
ATTACTCGTTGCGTTA-1	normal
ATTACTCGTTTGACAC-1	normal
ATTATCCAGTACTTGC-1	normal
ATTATCCCACTCTGTC-1	normal
ATTATCCCAGCCTGTG-1	normal
ATTATCCGTATGAATG-1	normal
ATTCTACAGTGCCATT-1	normal
ATTCTACCAACAACCT-1	normal
ATTCTACCAGGGTTAG-1	normal
ATTCTACGTCAGAATA-1	normal
ATTCTACGTTTCGCTC-1	normal
ATTCTACTCATGTAGC-1	normal
ATTCTACTCTGCTGCT-1	normal
ATTCTACTCTTTAGTC-1	normal
ATTGGACAGTGTGAAT-1	normal
ATTGGACCAGAGCCAA-1	normal
ATTGGACGTGACGGTA-1	normal
ATTGGACTCACGAAGG-1	normal
ATTGGTGAGTTAGGTA-1	normal
ATTGGTGCAAGTACCT-1	normal
ATTGGTGCAGGTGGAT-1	normal
ATTGGTGCATTAGGCT-1	normal
ATTGGTGGTACACCGC-1	normal
ATTGGTGTCCCGGATG-1	normal
ATTTCTGAGCTAGTGG-1	normal
ATTTCTGGTAAGTGGC-1	normal
ATTTCTGGTACAAGTA-1	normal
ATTTCTGTCAAACAAG-1	normal
ATTTCTGTCATGGTCA-1	normal
ATTTCTGTCGCATGGC-1	normal
CAACCAAAGAAACCTA-1	normal
CAACCAAAGGCAGGTT-1	normal
CAACCAACAAGGCTCC-1	normal
CAACCAACAGGCTCAC-1	normal
CAACCAAGTTCATGGT-1	normal
CAACCAATCGCGTTTC-1	normal
CAACCAATCTCATTCA-1	normal
CAACCTCAGTCGCCGT-1	normal
CAACCTCAGTGTGGCA-1	normal
CAACCTCGTACCGCTG-1	normal
CAACCTCGTCCGAACC-1	normal
CAACTAGCACAACGCC-1	normal
CAACTAGCAGGAATGC-1	normal
CAAGAAAAGCCAGAAC-1	normal
CAAGAAACATAAAGGT-1	normal
CAAGAAACATTTGCTT-1	normal
CAAGAAAGTCACAAGG-1	normal
CAAGAAAGTCATATCG-1	normal
CAAGATCAGAGTGACC-1	normal
CAAGATCAGCCAGAAC-1	normal
CAAGATCAGGCGACAT-1	normal
CAAGATCAGGTGATTA-1	normal
CAAGATCGTCAGAAGC-1	normal
CAAGATCGTCGGCATC-1	normal
CAAGATCTCAACCATG-1	normal
CAAGATCTCACTTACT-1	normal
CAAGATCTCTCAAGTG-1	normal
CAAGATCTCTCGTATT-1	normal
CAAGGCCAGACGACGT-1	normal
CAAGGCCAGCTTTGGT-1	normal
CAAGGCCCACAGACAG-1	normal
CAAGTTGGTCAAACTC-1	normal
CAAGTTGGTCAACATC-1	normal
CAAGTTGTCTCGGACG-1	normal
CACAAACAGATGGGTC-1	normal
CACAAACAGCACCGTC-1	normal
CACAAACAGTCAATAG-1	normal
CACAAACCAATTCCTT-1	normal
CACAAACCATATGCTG-1	normal
CACAAACGTCCTGCTT-1	normal
CACAAACTCCGTCAAA-1	normal
CACAAACTCGGATGGA-1	normal
CACACAAAGTTCCACA-1	normal
CACACAACAGTTAACC-1	normal
CACACAACATGGAATA-1	normal
CACACAAGTATCACCA-1	normal
CACACCTCATGCCTTC-1	normal
CACACCTGTACACCGC-1	normal
CACACCTGTAGCCTAT-1	normal
CACACCTTCCAAACTG-1	normal
CACACCTTCTCACATT-1	normal
CACACTCAGACCTTTG-1	normal
CACACTCGTACCAGTT-1	normal
CACACTCGTAGGACAC-1	normal
CACACTCTCTCTTATG-1	normal
CACAGGCAGATGCCAG-1	normal
CACAGGCAGCTGTCTA-1	normal
CACAGGCAGGTTCCTA-1	normal
CACAGGCAGTCCTCCT-1	normal
CACAGGCCACCTCGGA-1	normal
CACAGGCCATGAACCT-1	normal
CACAGGCGTTCAGGCC-1	normal
CACAGGCTCTGCCCTA-1	normal
CACAGTAAGAACAATC-1	normal
CACAGTAAGTGTTAGA-1	normal
CACAGTATCTGTACGA-1	normal
CACATAGAGCTAGTTC-1	normal
CACATAGAGGCCCTTG-1	normal
CACATAGCAAGCGCTC-1	normal
CACATAGCACTAGTAC-1	normal
CACATAGTCCGTCAAA-1	normal
CACATAGTCGTCCGTT-1	normal
CACATTTTCAACGGGA-1	normal
CACATTTTCGAGAGCA-1	normal
CACATTTTCTAACCGA-1	normal
CACATTTTCTAGAGTC-1	normal
CACCACTAGAGAGCTC-1	normal
CACCACTAGGTCGGAT-1	normal
CACCACTCAAGTAGTA-1	normal
CACCACTCACAACTGT-1	normal
CACCACTCAGGTCTCG-1	normal
CACCACTGTAGATTAG-1	normal
CACCACTGTAGTACCT-1	normal
CACCACTGTCACCCAG-1	normal
CACCACTGTCTTTCAT-1	normal
CACCACTGTGTTTGTG-1	normal
CACCACTTCGCGATCG-1	normal
CACCAGGAGCTGCGAA-1	normal
CACCAGGCAGATGAGC-1	normal
CACCAGGGTAAGTTCC-1	normal
CACCAGGTCTGCTGTC-1	normal
CACCTTGAGGCTCATT-1	normal
CACCTTGAGTCCTCCT-1	normal
CACCTTGGTAATCACC-1	normal
CACCTTGGTACAGCAG-1	normal
CACTCCAAGAGTCTGG-1	normal
CACTCCAAGGAACTGC-1	normal
CACTCCATCAGGCCCA-1	normal
CAGAATCAGGGTGTTG-1	normal
CAGAATCAGTGTACCT-1	normal
CAGAATCAGTGTGAAT-1	normal
CAGAATCCACATTAGC-1	normal
CAGAATCGTCTGCAAT-1	normal
CAGAATCGTTACGTCA-1	normal
CAGAATCGTTGGTAAA-1	normal
CAGAATCTCACTCTTA-1	normal
CAGAGAGCATCTCGCT-1	normal
CAGAGAGGTACATGTC-1	normal
CAGAGAGTCTAGAGTC-1	normal
CAGAGAGTCTTAGCCC-1	normal
CAGATCAAGGTTACCT-1	normal
CAGATCACAGGATCGA-1	normal
CAGATCACATCCCACT-1	normal
CAGATCAGTCCTGCTT-1	normal
CAGATCAGTGAAATCA-1	normal
CAGATCAGTGGCAAAC-1	normal
CAGATCATCCACTCCA-1	normal
CAGATCATCCCTTGCA-1	normal
CAGCAGCAGAGGTACC-1	normal
CAGCAGCCAAAGCGGT-1	normal
CAGCAGCGTAAGTAGT-1	normal
CAGCAGCTCTGCGACG-1	normal
CAGCATAAGTACGTAA-1	normal
CAGCATACAGGTGGAT-1	normal
CAGCATAGTCTAGAGG-1	normal
CAGCATATCGCCATAA-1	normal
CAGCCGAAGAATCTCC-1	normal
CAGCCGAAGGTGTTAA-1	normal
CAGCCGAGTAGTAGTA-1	normal
CAGCCGAGTGACGCCT-1	normal
CAGCCGATCTACCTGC-1	normal
CAGCGACAGAAGGGTA-1	normal
CAGCGACAGGAGTCTG-1	normal
CAGCGACCAGTCGTGC-1	normal
CAGCGACTCCCTTGTG-1	normal
CAGCGACTCGACAGCC-1	normal
CAGCTAAAGATCCTGT-1	normal
CAGCTAATCATGCATG-1	normal
CAGCTAATCCAAAGTC-1	normal
CAGCTAATCCTTCAAT-1	normal
CAGCTAATCTGGTGTA-1	normal
CAGCTGGAGCAGGTCA-1	normal
CAGCTGGAGGGTCTCC-1	normal
CAGCTGGAGTCGTTTG-1	normal
CAGCTGGGTAGGACAC-1	normal
CAGCTGGGTGATGTCT-1	normal
CAGCTGGGTGGTAACG-1	normal
CAGCTGGGTTACTGAC-1	normal
CAGGTGCCACGGTTTA-1	normal
CAGGTGCCATGTCGAT-1	normal
CAGGTGCGTGTGCCTG-1	normal
CAGGTGCTCGAGAACG-1	normal
CAGTAACAGCGCTCCA-1	normal
CAGTAACCACAGTCGC-1	normal
CAGTAACCACATGACT-1	normal
CAGTAACCAGTCACTA-1	normal
CAGTAACTCAGGTAAA-1	normal
CAGTAACTCAGTCAGT-1	normal
CAGTAACTCTGGTTCC-1	normal
CAGTCCTAGCCACGCT-1	normal
CAGTCCTCAGTAAGAT-1	normal
CATATGGAGCGATGAC-1	normal
CATATGGAGTGACATA-1	normal
CATATGGGTCACACGC-1	normal
CATATGGGTCGCTTCT-1	normal
CATATGGGTCTAGCGC-1	normal
CATATTCAGTTGAGAT-1	normal
CATATTCGTCGCCATG-1	normal
CATATTCGTGGAAAGA-1	normal
CATATTCGTTATGTGC-1	normal
CATCAAGCATTGGTAC-1	normal
CATCAAGTCAGGCGAA-1	normal
CATCAAGTCGTACCGG-1	normal
CATCAAGTCTTGAGAC-1	normal
CATCAGACATCCTAGA-1	normal
CATCAGAGTACGAAAT-1	normal
CATCAGAGTGATGATA-1	normal
CATCCACAGTGACTCT-1	normal
CATCCACCATCGACGC-1	normal
CATCCACTCGTGGGAA-1	normal
CATCCACTCTCAAACG-1	normal
CATCCACTCTCACATT-1	normal
CATCGAAAGCTCCCAG-1	normal
CATCGAAAGTGTGGCA-1	normal
CATCGAACAATGAATG-1	normal
CATCGAAGTCTGGTCG-1	normal
CATCGAAGTGCCTTGG-1	normal
CATCGAAGTGGTACAG-1	normal
CATCGAATCCGCAAGC-1	normal
CATCGAATCTCGGACG-1	normal
CATCGGGAGAGACTAT-1	normal
CATCGGGAGGCAGTCA-1	normal
CATCGGGAGTGTTGAA-1	normal
CATCGGGCAAGGTTTC-1	normal
CATCGGGCACAGCGTC-1	normal
CATCGGGCACATAACC-1	normal
CATCGGGCATATACCG-1	normal
CATCGGGGTAGCGCAA-1	normal
CATCGGGGTTTGTTGG-1	normal
CATCGGGTCATCGATG-1	normal
CATCGGGTCCGTACAA-1	normal
CATGACAAGAAGCCCA-1	normal
CATGACAAGAGATGAG-1	normal
CATGACAAGCACACAG-1	normal
CATGACAAGGCAATTA-1	normal
CATGACAAGGCATGGT-1	normal
CATGACACACTAAGTC-1	normal
CATGACAGTCGTCTTC-1	normal
CATGCCTCACAGATTC-1	normal
CATGCCTTCCCAAGAT-1	normal
CATGGCGAGTTGAGTA-1	normal
CATGGCGTCAACGGCC-1	normal
CATGGCGTCCGCGTTT-1	normal
CATGGCGTCGGCGGTT-1	normal
CATTATCCAATCGGTT-1	normal
CATTATCCACATCTTT-1	normal
CATTATCCAGCTCGAC-1	normal
CATTCGCAGAAGGGTA-1	normal
CATTCGCAGCGATAGC-1	normal
CATTCGCCAAACAACA-1	normal
CATTCGCCACCGTTGG-1	normal
CATTCGCGTCGCTTCT-1	normal
CATTCGCTCCCAAGTA-1	normal
CATTCGCTCGAATGCT-1	normal
CCAATCCAGAATCTCC-1	normal
CCAATCCAGTGGGTTG-1	normal
CCAATCCCATCACGAT-1	normal
CCAATCCGTAAGAGAG-1	normal
CCAATCCGTATTCTCT-1	normal
CCAATCCGTTCAGGCC-1	normal
CCAATCCTCCTATTCA-1	normal
CCAATCCTCGCCTGAG-1	normal
CCACCTAAGACACGAC-1	normal
CCACCTAAGACGCAAC-1	normal
CCACCTAAGACGCACA-1	normal
CCACCTAAGAGTAATC-1	normal
CCACCTAAGCTAAGAT-1	normal
CCACCTAAGGACTGGT-1	normal
CCACCTATCCTATGTT-1	normal
CCACCTATCGGAGGTA-1	normal
CCACCTATCTACCTGC-1	normal
CCACCTATCTTCCTTC-1	normal
CCACGGAAGATCCTGT-1	normal
CCACGGACAATAGCAA-1	normal
CCACGGAGTTACGTCA-1	normal
CCACGGATCCCAACGG-1	normal
CCACGGATCGCTAGCG-1	normal
CCACGGATCTAACTGG-1	normal
CCACTACAGCGCCTCA-1	normal
CCACTACGTCAAAGAT-1	normal
CCACTACGTCGGCACT-1	normal
CCACTACGTTTCCACC-1	normal
CCACTACTCCCTTGTG-1	normal
CCACTACTCGCGCCAA-1	normal
CCAGCGAAGGTCATCT-1	normal
CCAGCGACAAGTTGTC-1	normal
CCAGCGACAGGACCCT-1	normal
CCAGCGAGTAGGGACT-1	normal
CCAGCGAGTTCGTGAT-1	normal
CCAGCGATCAGCGACC-1	normal
CCAGCGATCGGCTACG-1	normal
CCAGCGATCTGTACGA-1	normal
CCAGCGATCTGTTTGT-1	normal
CCATGTCAGAGTTGGC-1	normal
CCATGTCCACCGAATT-1	normal
CCATGTCCATTGCGGC-1	normal
CCATGTCTCCCAAGTA-1	normal
CCATGTCTCTGGCGTG-1	normal
CCATTCGAGCTGATAA-1	normal
CCATTCGTCAGTACGT-1	normal
CCATTCGTCTAACTTC-1	normal
CCCAATCCAAACGCGA-1	normal
CCCAATCGTCAATACC-1	normal
CCCAATCTCGTGGGAA-1	normal
CCCAGTTAGAGACTAT-1	normal
CCCAGTTCACGGCCAT-1	normal
CCCAGTTCAGAAGCAC-1	normal
CCCAGTTCATCACGAT-1	normal
CCCAGTTGTCAAACTC-1	normal
CCCAGTTTCATCGATG-1	normal
CCCAGTTTCCTGTAGA-1	normal
CCCATACAGAGGGATA-1	normal
CCCATACAGCATCATC-1	normal
CCCATACCACGAAGCA-1	normal
CCCATACGTCTTCGTC-1	normal
CCCATACTCATGGTCA-1	normal
CCCATACTCCAACCAA-1	normal
CCCATACTCGTTTGCC-1	normal
CCCATACTCTTGTACT-1	normal
CCCTCCTAGGGCTTGA-1	normal
CCCTCCTCAATGGATA-1	normal
CCCTCCTCACATTAGC-1	normal
CCCTCCTGTGATGCCC-1	normal
CCCTCCTGTTACGTCA-1	normal
CCCTCCTTCCAAATGC-1	normal
CCCTCCTTCGGCTACG-1	normal
CCGGGATCAAATACAG-1	normal
CCGGGATCATCTACGA-1	normal
CCGGGATCATGACATC-1	normal
CCGGGATGTTAGATGA-1	normal
CCGGGATGTTTCCACC-1	normal
CCGGGATTCCCTAATT-1	normal
CCGGGATTCGTTGCCT-1	normal
CCGGTAGAGTCGCCGT-1	normal
CCGGTAGCAATAGAGT-1	normal
CCGGTAGCAATCCAAC-1	normal
CCGGTAGCAGCGAACA-1	normal
CCGGTAGCATTAACCG-1	normal
CCGGTAGGTTTACTCT-1	normal
CCGTACTAGGAGTACC-1	normal
CCGTACTAGTGTTTGC-1	normal
CCGTACTCACTTAAGC-1	normal
CCGTACTGTTAGATGA-1	normal
CCGTACTTCGCCTGAG-1	normal
CCGTGGAAGTACGTAA-1	normal
CCGTGGACAAAGTGCG-1	normal
CCGTGGACAGGAATGC-1	normal
CCGTGGACATTTGCTT-1	normal
CCGTGGATCATTATCC-1	normal
CCGTTCACATGCAACT-1	tumor1
CCGTTCAGTCAACTGT-1	tumor1
CCGTTCAGTCAGATAA-1	tumor1
CCGTTCAGTGACTCAT-1	tumor1
CCGTTCAGTTTGCATG-1	tumor1
CCGTTCATCGTTACAG-1	tumor1
CCTAAAGCAGGACGTA-1	tumor1
CCTAAAGGTGTTGGGA-1	tumor1
CCTAAAGTCAGTTCGA-1	tumor1
CCTAAAGTCTGGTTCC-1	tumor1
CCTAAAGTCTTTACAC-1	tumor1
CCTACACCAAGCTGAG-1	tumor1
CCTACACCACATTAGC-1	tumor1
CCTACACCATTGGTAC-1	tumor1
CCTACACTCACCTCGT-1	tumor1
CCTACCAAGCGATGAC-1	tumor1
CCTACCACACCATCCT-1	tumor1
CCTACCAGTTGTCGCG-1	tumor1
CCTACCAGTTTAAGCC-1	tumor1
CCTACCATCGCGGATC-1	tumor1
CCTAGCTAGACCTAGG-1	tumor1
CCTAGCTGTATATGAG-1	tumor1
CCTAGCTGTCCGTCAG-1	tumor1
CCTAGCTGTGTGAATA-1	tumor1
CCTATTAAGAGGTACC-1	tumor1
CCTATTAAGATGTGGC-1	tumor1
CCTATTAAGCTACCGC-1	tumor1
CCTATTATCTGCTGTC-1	tumor1
CCTCAGTAGAGCCCAA-1	tumor1
CCTCAGTCAAGCGCTC-1	tumor1
CCTCAGTCAGGCGATA-1	tumor1
CCTCAGTGTAAGAGAG-1	tumor1
CCTCAGTGTTCGGCAC-1	tumor1
CCTCAGTGTTGACGTT-1	tumor1
CCTCTGAAGCGTAATA-1	tumor1
CCTCTGAAGGAATTAC-1	tumor1
CCTCTGAAGTCCGTAT-1	tumor1
CCTCTGAAGTGTCCCG-1	tumor1
CCTCTGACACAGTCGC-1	tumor1
CCTCTGAGTCAGAATA-1	tumor1
CCTTACGAGCCAGGAT-1	tumor1
CCTTACGCACGGACAA-1	tumor1
CCTTACGCACTTACGA-1	tumor1
CCTTACGGTAGATTAG-1	tumor1
CCTTACGTCCAACCAA-1	tumor1
CCTTCCCCAGCATGAG-1	tumor1
CCTTCCCCAGGCGATA-1	tumor1
CCTTCCCCAGTCACTA-1	tumor1
CCTTCCCTCCATTCTA-1	tumor1
CCTTCCCTCTCGGACG-1	tumor1
CCTTCCCTCTGTCTCG-1	tumor1
CCTTCGAAGGAATGGA-1	tumor1
CCTTCGACAAGTTCTG-1	tumor1
CCTTCGAGTAGAAGGA-1	tumor1
CCTTCGAGTCGAATCT-1	tumor1
CCTTCGAGTCTGATTG-1	tumor1
CCTTCGATCCTTGCCA-1	tumor1
CCTTTCTAGACTAGAT-1	tumor1
CCTTTCTAGATAGCAT-1	tumor1
CCTTTCTTCCCAAGTA-1	tumor1
CCTTTCTTCCGCGCAA-1	tumor1
CCTTTCTTCGGCTTGG-1	tumor1
CGAACATAGTATGACA-1	tumor1
CGAACATCAAGACGTG-1	tumor1
CGAACATCAAGTCATC-1	tumor1
CGAACATCACTTGGAT-1	tumor1
CGAACATCATCTCGCT-1	tumor1
CGAACATGTCGAGTTT-1	tumor1
CGAACATGTCTCCACT-1	tumor1
CGAACATTCGTCCAGG-1	tumor1
CGAACATTCTAACTGG-1	tumor1
CGAATGTAGGGATACC-1	tumor1
CGAATGTAGGGCACTA-1	tumor1
CGAATGTAGGTCATCT-1	tumor1
CGAATGTCAGTCACTA-1	tumor1
CGAATGTGTAGCTAAA-1	tumor1
CGAATGTTCCCTTGCA-1	tumor1
CGAATGTTCCGCTGTT-1	tumor1
CGAATGTTCCTAAGTG-1	tumor1
CGAATGTTCTTGAGAC-1	tumor1
CGACCTTGTCAATGTC-1	tumor1
CGACCTTGTCTAGGTT-1	tumor1
CGACCTTTCAGAGGTG-1	tumor1
CGACCTTTCCTAGGGC-1	tumor1
CGACCTTTCGTGGTCG-1	tumor1
CGACCTTTCTGGTTCC-1	tumor1
CGACTTCAGTTCCACA-1	tumor1
CGACTTCCACCAGTTA-1	tumor1
CGACTTCCACCTATCC-1	tumor1
CGACTTCCAGACACTT-1	tumor1
CGACTTCGTGGTCCGT-1	tumor1
CGACTTCTCATCATTC-1	tumor1
CGACTTCTCCAAAGTC-1	tumor1
CGAGAAGAGCGAGAAA-1	tumor1
CGAGAAGCATTCTCAT-1	tumor1
CGAGAAGGTGGGTATG-1	tumor1
CGAGAAGTCGGCCGAT-1	tumor1
CGAGCACAGCGTGTCC-1	tumor1
CGAGCACAGGTGTGGT-1	tumor1
CGAGCACGTCAGAGGT-1	tumor1
CGAGCACGTCTTGATG-1	tumor1
CGAGCACGTTGTGGAG-1	tumor1
CGAGCACTCAGGTAAA-1	tumor1
CGAGCCAAGACTTTCG-1	tumor1
CGAGCCAAGCTGGAAC-1	tumor1
CGAGCCACACAGGTTT-1	tumor1
CGAGCCACAGCGTTCG-1	tumor1
CGAGCCAGTCTTTCAT-1	tumor1
CGAGCCATCAACGGGA-1	tumor1
CGAGCCATCCCATTTA-1	tumor1
CGATCGGAGCCAGTTT-1	tumor1
CGATCGGAGCTGAACG-1	tumor1
CGATCGGAGCTGCAAG-1	tumor1
CGATCGGAGTATTGGA-1	tumor1
CGATCGGGTATTCGTG-1	tumor1
CGATCGGGTCCGAGTC-1	tumor1
CGATCGGTCGCACTCT-1	tumor1
CGATCGGTCTGATACG-1	tumor1
CGATGGCAGCCAGGAT-1	tumor1
CGATGGCAGGAATTAC-1	tumor1
CGATGGCAGTACCGGA-1	tumor1
CGATGGCCACAGACTT-1	tumor1
CGATGGCCATGGTAGG-1	tumor1
CGATGGCTCATCTGCC-1	tumor1
CGATGGCTCTTCATGT-1	tumor1
CGATGTAGTCAACATC-1	tumor1
CGATGTAGTGCGAAAC-1	tumor1
CGATGTAGTGTGAAAT-1	tumor1
CGATGTAGTTTGACAC-1	tumor1
CGATGTATCAATCACG-1	tumor1
CGATTGAAGCCTATGT-1	tumor1
CGATTGAAGGATGGAA-1	tumor1
CGATTGAAGGCGATAC-1	tumor1
CGATTGAGTAGCTAAA-1	tumor1
CGCCAAGAGGTGGGTT-1	tumor1
CGCCAAGAGTCCATAC-1	tumor1
CGCCAAGCAGACAAAT-1	tumor1
CGCCAAGGTGTAATGA-1	tumor1
CGCCAAGTCGATAGAA-1	tumor1
CGCCAAGTCTTGACGA-1	tumor1
CGCGGTAAGTACACCT-1	tumor1
CGCGGTACAGACGCAA-1	tumor1
CGCGGTATCAGGCAAG-1	tumor1
CGCGGTATCTTCGAGA-1	tumor1
CGCGTTTAGTCTCCTC-1	tumor1
CGCGTTTCAACACCCG-1	tumor1
CGCGTTTCACTGTTAG-1	tumor1
CGCGTTTGTCTTTCAT-1	tumor1
CGCTATCAGGCCCTTG-1	tumor1
CGCTATCAGTTGTCGT-1	tumor1
CGCTATCCACGAAATA-1	tumor1
CGCTATCCATCGGACC-1	tumor1
CGCTATCGTACAGACG-1	tumor1
CGCTATCGTAGCTGCC-1	tumor1
CGCTATCGTCGAGTTT-1	tumor1
CGCTGGAAGATGAGAG-1	tumor1
CGCTGGACAAAGTCAA-1	tumor1
CGCTGGACATTACCTT-1	tumor1
CGCTGGAGTAGGAGTC-1	tumor1
CGCTGGAGTCAGGACA-1	tumor1
CGCTGGAGTGGCCCTA-1	tumor1
CGCTGGAGTTGGTAAA-1	tumor1
CGCTGGAGTTGTGGCC-1	tumor1
CGCTGGATCAGGCGAA-1	tumor1
CGCTGGATCGATGAGG-1	tumor1
CGCTTCAAGGCGATAC-1	tumor1
CGCTTCAAGGGCTTGA-1	tumor1
CGCTTCACAAACGTGG-1	tumor1
CGCTTCAGTAAGTAGT-1	tumor1
CGCTTCAGTGCAACGA-1	tumor1
CGCTTCAGTTGTGGCC-1	tumor1
CGCTTCATCTTAGCCC-1	tumor1
CGCTTCATCTTGTATC-1	tumor1
CGGACACCAAGCTGTT-1	tumor1
CGGACACCACGTTGGC-1	tumor1
CGGACACGTACAGTTC-1	tumor1
CGGACACGTATAGGTA-1	tumor1
CGGACACGTGTAACGG-1	tumor1
CGGACACTCCTATGTT-1	tumor1
CGGACACTCTCGCATC-1	tumor1
CGGACGTAGCGTCAAG-1	tumor1
CGGACGTAGGACCACA-1	tumor1
CGGACGTCATTTCAGG-1	tumor1
CGGACGTTCACAACGT-1	tumor1
CGGACGTTCAGTTTGG-1	tumor1
CGGACGTTCCAGGGCT-1	tumor1
CGGACGTTCCGGGTGT-1	tumor1
CGGACTGAGAAGGGTA-1	tumor1
CGGACTGAGTAGGCCA-1	tumor1
CGGACTGAGTTTAGGA-1	tumor1
CGGACTGCAAGCGATG-1	tumor1
CGGACTGTCACGCGGT-1	tumor1
CGGACTGTCCAGAAGG-1	tumor1
CGGACTGTCTCGCATC-1	tumor1
CGGACTGTCTTGCAAG-1	tumor1
CGGAGCTAGGATGGAA-1	tumor1
CGGAGCTCAACACCTA-1	tumor1
CGGAGCTGTGATGCCC-1	tumor1
CGGAGCTGTTAAGAAC-1	tumor1
CGGAGCTTCCAGAGGA-1	tumor1
CGGAGCTTCCTGCTTG-1	tumor1
CGGAGTCAGGGATCTG-1	tumor1
CGGAGTCAGTACATGA-1	tumor1
CGGAGTCCAACTGCGC-1	tumor1
CGGAGTCCAATCGGTT-1	tumor1
CGGAGTCCACCGATAT-1	tumor1
CGGAGTCCAGCTGCAC-1	tumor1
CGGAGTCCATGTCTCC-1	tumor1
CGGAGTCGTAATCACC-1	tumor1
CGGAGTCGTTTGTGTG-1	tumor1
CGGAGTCTCAACCATG-1	tumor1
CGGAGTCTCCGCAAGC-1	tumor1
CGGAGTCTCCGCATCT-1	tumor1
CGGCTAGAGTCGAGTG-1	tumor1
CGGCTAGCAACACGCC-1	tumor1
CGGCTAGGTGTAATGA-1	tumor1
CGGCTAGGTTAAGAAC-1	tumor1
CGGCTAGTCAGCGACC-1	tumor1
CGGCTAGTCCTTAATC-1	tumor1
CGGGTCAAGAACTGTA-1	tumor1
CGGGTCAAGAGCCTAG-1	tumor1
CGGGTCAAGATTACCC-1	tumor1
CGGGTCAGTCCTAGCG-1	tumor1
CGGGTCATCACGACTA-1	tumor1
CGGTTAACACAGACTT-1	tumor1
CGGTTAATCGCGTAGC-1	tumor1
CGGTTAATCGGATGTT-1	tumor1
CGTAGCGCAAGTAGTA-1	tumor1
CGTAGCGCACCGAAAG-1	tumor1
CGTAGCGCATTCTCAT-1	tumor1
CGTAGCGTCCGTCATC-1	tumor1
CGTAGCGTCGTATCAG-1	tumor1
CGTAGCGTCGTCGTTC-1	tumor1
CGTAGGCAGGAGTTGC-1	tumor1
CGTAGGCGTACAGACG-1	tumor1
CGTAGGCGTAGCGATG-1	tumor1
CGTAGGCTCCTCGCAT-1	tumor1
CGTCACTAGATCCTGT-1	tumor1
CGTCACTCACCTATCC-1	tumor1
CGTCACTGTAACGACG-1	tumor1
CGTCACTGTAGCCTAT-1	tumor1
CGTCACTTCAAACCGT-1	tumor1
CGTCACTTCAGCACAT-1	tumor1
CGTCAGGAGCTTTGGT-1	tumor1
CGTCAGGCACAGGAGT-1	tumor1
CGTCAGGCAGCTGCAC-1	tumor1
CGTCAGGGTGCAACGA-1	tumor1
CGTCAGGGTTACCGAT-1	tumor1
CGTCAGGTCAGGTAAA-1	tumor1
CGTCCATAGGGTGTTG-1	tumor1
CGTCCATAGTACGATA-1	tumor1
CGTCCATGTACTTCTT-1	tumor1
CGTCCATGTCGCGAAA-1	tumor1
CGTCCATGTCTAAAGA-1	tumor1
CGTCCATGTGTCAATC-1	tumor1
CGTCCATGTTAAAGTG-1	tumor1
CGTCCATTCTCTGTCG-1	tumor1
CGTCCATTCTGAAAGA-1	tumor1
CGTCTACAGCGGATCA-1	tumor1
CGTCTACAGTGAAGAG-1	tumor1
CGTCTACCACGCGAAA-1	tumor1
CGTCTACCATAACCTG-1	tumor1
CGTCTACCATATGAGA-1	tumor1
CGTCTACGTGTTTGTG-1	tumor1
CGTCTACTCCTGCAGG-1	tumor1
CGTCTACTCTTCGGTC-1	tumor1
CGTGAGCCAACTGGCC-1	tumor1
CGTGAGCCAAGGACAC-1	tumor1
CGTGAGCCACAGCCCA-1	tumor1
CGTGAGCCAGTTAACC-1	tumor1
CGTGAGCGTCAGGACA-1	tumor1
CGTGAGCGTTCCACAA-1	tumor1
CGTGAGCTCAGAGCTT-1	tumor1
CGTGAGCTCGAGGTAG-1	tumor1
CGTGTAAAGAATAGGG-1	tumor1
CGTGTAAAGAATGTTG-1	tumor1
CGTGTAAAGAGCCTAG-1	tumor1
CGTGTAAAGATCCGAG-1	tumor1
CGTGTAAAGATGTGGC-1	tumor1
CGTGTAAGTGAGGCTA-1	tumor1
CGTGTCTAGCTAACTC-1	tumor1
CGTGTCTAGCTAGTGG-1	tumor1
CGTGTCTGTGCATCTA-1	tumor1
CGTTAGAAGCCACGTC-1	tumor1
CGTTAGAAGCCAGTTT-1	tumor1
CGTTAGACAAGACACG-1	tumor1
CGTTAGACACCATCCT-1	tumor1
CGTTAGAGTGAACCTT-1	tumor1
CGTTAGATCACCACCT-1	tumor1
CGTTCTGAGAATCTCC-1	tumor1
CGTTCTGAGATGCCAG-1	tumor1
CGTTCTGGTCGCTTCT-1	tumor1
CGTTCTGTCGTGGTCG-1	tumor1
CGTTGGGCAACTGCGC-1	tumor1
CGTTGGGCAGACGCTC-1	tumor1
CGTTGGGCAGCTGTGC-1	tumor1
CGTTGGGGTCCGAACC-1	tumor1
CGTTGGGTCCCTTGTG-1	tumor1
CGTTGGGTCGAACTGT-1	tumor1
CTAACTTAGAATCTCC-1	tumor1
CTAACTTAGGTGCTTT-1	tumor1
CTAACTTGTCTTCAAG-1	tumor1
CTAACTTTCTGGCGTG-1	tumor1
CTAAGACAGATCGGGT-1	tumor1
CTAAGACCACGCGAAA-1	tumor1
CTAAGACGTAGCGCAA-1	tumor1
CTAAGACGTTAGTGGG-1	tumor1
CTAAGACTCCCTAACC-1	tumor1
CTAAGACTCGCGTAGC-1	tumor1
CTAAGACTCGCGTTTC-1	tumor1
CTAATGGAGTGACATA-1	tumor1
CTAATGGAGTTTAGGA-1	tumor1
CTAATGGTCTATCGCC-1	tumor1
CTACACCAGAGGTACC-1	tumor1
CTACACCAGCCACGCT-1	tumor1
CTACACCAGTACGACG-1	tumor1
CTACACCAGTAGTGCG-1	tumor1
CTACACCCACCAGGTC-1	tumor1
CTACACCCACTCGACG-1	tumor1
CTACACCTCCGAGCCA-1	tumor1
CTACACCTCTAACTCT-1	tumor1
CTACATTAGCCGATTT-1	tumor1
CTACATTCAAGAAAGG-1	tumor1
CTACATTCAGTGACAG-1	tumor1
CTACATTCATGGTCAT-1	tumor1
CTACATTGTAGCGTAG-1	tumor1
CTACATTGTTACGTCA-1	tumor1
CTACATTGTTCCCTTG-1	tumor1
CTACATTTCAACGCTA-1	tumor1
CTACATTTCACCTTAT-1	tumor1
CTACATTTCTGTTGAG-1	tumor1
CTACCCACACTTGGAT-1	tumor1
CTACCCAGTCCGAAGA-1	tumor1
CTACCCAGTGGAAAGA-1	tumor1
CTACGTCAGCCCGAAA-1	tumor1
CTACGTCCACACGCTG-1	tumor1
CTACGTCCATGCTGGC-1	tumor1
CTACGTCGTTGTCGCG-1	tumor1
CTACGTCTCGCGTTTC-1	tumor1
CTACGTCTCTCGTTTA-1	tumor1
CTAGAGTAGAAGGGTA-1	tumor1
CTAGAGTAGACGCTTT-1	tumor1
CTAGAGTCACGAAAGC-1	tumor1
CTAGAGTCATGGGAAC-1	tumor1
CTAGAGTGTCATTAGC-1	tumor1
CTAGCCTCACCAACCG-1	tumor1
CTAGCCTCACTCGACG-1	tumor1
CTAGCCTCAGGTCTCG-1	tumor1
CTAGCCTTCCAGTATG-1	tumor1
CTAGCCTTCCTGCCAT-1	tumor1
CTAGTGAAGATATGCA-1	tumor1
CTAGTGAAGGATATAC-1	tumor1
CTAGTGAAGTCCAGGA-1	tumor1
CTAGTGATCGCACTCT-1	tumor1
CTCACACAGGCGTACA-1	tumor1
CTCACACCATGTCCTC-1	tumor1
CTCACACGTCATCGGC-1	tumor1
CTCACACGTCGCCATG-1	tumor1
CTCACACGTCTCCACT-1	tumor1
CTCACACGTGTTCGAT-1	tumor1
CTCACACTCACAAACC-1	tumor1
CTCACACTCTCTGTCG-1	tumor1
CTCAGAAAGTGTCCCG-1	tumor1
CTCAGAACACATGTGT-1	tumor1
CTCAGAAGTGTCAATC-1	tumor1
CTCAGAAGTTCACCTC-1	tumor1
CTCAGAATCAAACCGT-1	tumor1
CTCAGAATCCTTGGTC-1	tumor1
CTCAGAATCTTTCCTC-1	tumor1
CTCATTAAGACAGACC-1	tumor1
CTCATTAAGCTTATCG-1	tumor1
CTCATTACATCGGGTC-1	tumor1
CTCATTAGTCTCCACT-1	tumor1
CTCATTAGTTCATGGT-1	tumor1
CTCATTATCACCAGGC-1	tumor1
CTCATTATCAGGCGAA-1	tumor1
CTCATTATCAGTTGAC-1	tumor1
CTCCTAGAGTACGACG-1	tumor1
CTCCTAGCAGGTCGTC-1	tumor1
CTCCTAGGTCTGGTCG-1	tumor1
CTCCTAGTCGGACAAG-1	tumor1
CTCCTAGTCTTTAGGG-1	tumor1
CTCGAAAAGAGTCGGT-1	tumor1
CTCGAAAAGGGAACGG-1	tumor1
CTCGAAACACATTAGC-1	tumor1
CTCGAAAGTGCACGAA-1	tumor1
CTCGAAAGTTAGTGGG-1	tumor1
CTCGAAATCAGCATGT-1	tumor1
CTCGAAATCCCATTAT-1	tumor1
CTCGAAATCTTACCGC-1	tumor1
CTCGAGGAGACTAAGT-1	tumor1
CTCGAGGAGCGAGAAA-1	tumor1
CTCGAGGAGCGATATA-1	tumor1
CTCGAGGCACCAGATT-1	tumor1
CTCGAGGGTCCAGTTA-1	tumor1
CTCGAGGGTCCGAGTC-1	tumor1
CTCGAGGTCACAGTAC-1	tumor1
CTCGAGGTCAGATAAG-1	tumor1
CTCGAGGTCTGCGGCA-1	tumor1
CTCGGAGCAATGGATA-1	tumor1
CTCGGAGCATCCTAGA-1	tumor1
CTCGGAGGTTAAGAAC-1	tumor1
CTCGGAGGTTAGGGTG-1	tumor1
CTCGGAGGTTGAGTTC-1	tumor1
CTCGGAGTCCCAACGG-1	tumor1
CTCGGGAAGACTAAGT-1	tumor1
CTCGGGAAGACTACAA-1	tumor1
CTCGGGACATGCTGGC-1	tumor1
CTCGGGAGTATTACCG-1	tumor1
CTCGGGATCACCGTAA-1	tumor1
CTCGGGATCAGTTAGC-1	tumor1
CTCGTACAGAATTCCC-1	tumor1
CTCGTACAGAGGGCTT-1	tumor1
CTCGTACAGGATGTAT-1	tumor1
CTCGTACAGTGATCGG-1	tumor1
CTCGTACCACACCGCA-1	tumor1
CTCGTACCACTAAGTC-1	tumor1
CTCGTACTCCGAATGT-1	tumor1
CTCGTCAAGAGGGATA-1	tumor1
CTCGTCACAAGACACG-1	tumor1
CTCGTCACAGAGCCAA-1	tumor1
CTCGTCAGTTACCGAT-1	tumor1
CTCGTCATCTAAGCCA-1	tumor1
CTCTAATCAGCGATCC-1	tumor1
CTCTAATCATCAGTCA-1	tumor1
CTCTAATCATTGGCGC-1	tumor1
CTCTAATGTATAAACG-1	tumor1
CTCTAATTCACCCTCA-1	tumor1
CTCTACGAGCATGGCA-1	tumor1
CTCTACGAGTGAACAT-1	tumor1
CTCTACGCAAGCTGTT-1	tumor1
CTCTACGCATGCGCAC-1	tumor1
CTCTACGGTGCAGACA-1	tumor1
CTCTACGGTTCGTTGA-1	tumor1
CTCTACGTCAACACCA-1	tumor1
CTCTACGTCCTTTCGG-1	tumor1
CTCTACGTCGCGTTTC-1	tumor1
CTCTACGTCGTACGGC-1	tumor1
CTCTGGTAGATGAGAG-1	tumor1
CTCTGGTAGCTTATCG-1	tumor1
CTCTGGTCAAGCCCAC-1	tumor1
CTCTGGTCATCCGCGA-1	tumor1
CTCTGGTGTCGATTGT-1	tumor1
CTCTGGTTCCACGTTC-1	tumor1
CTGAAACAGACTAGGC-1	tumor1
CTGAAACAGCTAGCCC-1	tumor1
CTGAAACAGTCCATAC-1	tumor1
CTGAAACCAATCTGCA-1	tumor1
CTGAAACGTGTGCGTC-1	tumor1
CTGAAGTAGGACACCA-1	tumor1
CTGAAGTAGGCAATTA-1	tumor1
CTGAAGTGTCTAACGT-1	tumor1
CTGAAGTTCCAAACAC-1	tumor1
CTGAAGTTCCAGTATG-1	tumor1
CTGAAGTTCGTCTGCT-1	tumor1
CTGAAGTTCTGCGGCA-1	tumor1
CTGATAGAGTCCCACG-1	tumor1
CTGATAGCACGCGAAA-1	tumor1
CTGATAGCAGCCAATT-1	tumor1
CTGATAGCATGCCTAA-1	tumor1
CTGATAGGTCTAGGTT-1	tumor1
CTGATAGTCTTCGAGA-1	tumor1
CTGATCCAGAGTGAGA-1	tumor1
CTGATCCAGCGATCCC-1	tumor1
CTGATCCAGGCCATAG-1	tumor1
CTGATCCGTCGTCTTC-1	tumor1
CTGATCCTCACGGTTA-1	tumor1
CTGATCCTCGTCTGAA-1	tumor1
CTGCCTAAGCTGTCTA-1	tumor1
CTGCCTAAGGGATACC-1	tumor1
CTGCCTAAGTGCGTGA-1	tumor1
CTGCCTAGTCAAGCGA-1	tumor1
CTGCCTAGTGAACCTT-1	tumor1
CTGCCTAGTTGCGCAC-1	tumor1
CTGCCTATCAACACTG-1	tumor1
CTGCGGAAGAACTGTA-1	tumor1
CTGCGGAAGACAGAGA-1	tumor1
CTGCGGAAGCTAGTTC-1	tumor1
CTGCGGAAGGGTTTCT-1	tumor1
CTGCGGAAGTGAACAT-1	tumor1
CTGCGGACACACGCTG-1	tumor1
CTGCGGACATTAACCG-1	tumor1
CTGCGGAGTAGCTAAA-1	tumor1
CTGCGGAGTTACGGAG-1	tumor1
CTGCTGTAGTCTCAAC-1	tumor1
CTGCTGTCACATAACC-1	tumor1
CTGCTGTGTGACCAAG-1	tumor1
CTGCTGTGTGACTACT-1	tumor1
CTGCTGTTCAATACCG-1	tumor1
CTGCTGTTCCGCAGTG-1	tumor1
CTGCTGTTCGCCAGCA-1	tumor1
CTGGTCTAGGGTGTTG-1	tumor1
CTGGTCTCAATGGATA-1	tumor1
CTGGTCTCACGTCTCT-1	tumor1
CTGGTCTCACTCGACG-1	tumor1
CTGGTCTCATGGTCAT-1	tumor1
CTGGTCTGTATCGCAT-1	tumor1
CTGGTCTGTCATGCCG-1	tumor1
CTGGTCTTCACCAGGC-1	tumor1
CTGGTCTTCGCGGATC-1	tumor1
CTGTGCTCAATCGGTT-1	tumor1
CTGTGCTCAGGGCATA-1	tumor1
CTGTGCTGTCCGAGTC-1	tumor1
CTGTGCTGTCTCTCTG-1	tumor1
CTGTGCTGTTATCGGT-1	tumor1
CTGTGCTTCAGAGCTT-1	tumor1
CTGTGCTTCCGAACGC-1	tumor1
CTGTTTAAGAAGGGTA-1	tumor1
CTGTTTAAGACTACAA-1	tumor1
CTGTTTACACTGCCAG-1	tumor1
CTGTTTAGTGTGACCC-1	tumor1
CTGTTTATCGGAAACG-1	tumor1
CTTAACTAGACAAGCC-1	tumor1
CTTAACTAGGCTATCT-1	tumor1
CTTAACTGTAAATGAC-1	tumor1
CTTAACTGTAGCTCCG-1	tumor1
CTTAACTGTATAGTAG-1	tumor1
CTTAACTGTTGGGACA-1	tumor1
CTTACCGAGTCAAGGC-1	tumor1
CTTACCGAGTTCCACA-1	tumor1
CTTACCGCAAGAGTCG-1	tumor1
CTTACCGCACAGGCCT-1	tumor1
CTTACCGCATTAGCCA-1	tumor1
CTTACCGCATTGGTAC-1	tumor1
CTTACCGGTCCTCCAT-1	tumor1
CTTACCGGTCGCGTGT-1	tumor1
CTTACCGTCGCCCTTA-1	tumor1
CTTAGGAAGGTAGCTG-1	tumor1
CTTAGGACAACACGCC-1	tumor1
CTTAGGACAATCGAAA-1	tumor1
CTTAGGACAGTCCTTC-1	tumor1
CTTAGGAGTCCGAAGA-1	tumor1
CTTAGGAGTGCCTGTG-1	tumor1
CTTCTCTAGCTGTTCA-1	tumor1
CTTCTCTAGTATTGGA-1	tumor1
CTTCTCTCATGAGCGA-1	tumor1
CTTCTCTGTACGCTGC-1	tumor1
CTTCTCTGTTGTGGAG-1	tumor1
CTTCTCTGTTTCGCTC-1	tumor1
CTTCTCTTCAACGGCC-1	tumor1
CTTCTCTTCCGTACAA-1	tumor1
CTTCTCTTCCGTAGGC-1	tumor1
CTTCTCTTCCTGTAGA-1	tumor1
CTTGGCTAGAAGGACA-1	tumor1
CTTGGCTGTCTCAACA-1	tumor1
CTTGGCTTCCGTCATC-1	tumor1
CTTGGCTTCCTAGAAC-1	tumor1
CTTTGCGAGCCCAACC-1	tumor1
CTTTGCGCACGTTGGC-1	tumor1
CTTTGCGGTCACTGGC-1	tumor1
CTTTGCGTCGAGGTAG-1	tumor1
CTTTGCGTCGATGAGG-1	tumor1
CTTTGCGTCGGATGTT-1	tumor1
GAAACTCAGTAGGCCA-1	tumor1
GAAACTCGTTATCGGT-1	tumor1
GAAACTCTCGCGATCG-1	tumor1
GAAACTCTCTGGTGTA-1	tumor1
GAAATGAAGACAAGCC-1	tumor1
GAAATGAAGAGACGAA-1	tumor1
GAAATGAAGCGTCAAG-1	tumor1
GAAATGAAGTGCCATT-1	tumor1
GAAATGAGTACAGTGG-1	tumor1
GAAATGAGTGGTGTAG-1	tumor1
GAAATGAGTGTCGCTG-1	tumor1
GAAATGATCTGGGCCA-1	tumor1
GAACATCAGAATCTCC-1	tumor1
GAACATCAGACTTGAA-1	tumor1
GAACATCAGATCGATA-1	tumor1
GAACATCAGGAACTGC-1	tumor1
GAACATCCATTTGCCC-1	tumor1
GAACATCGTGTGAAAT-1	tumor1
GAACCTAAGTCCAGGA-1	tumor1
GAACCTACAAGTTGTC-1	tumor1
GAACCTACACAGAGGT-1	tumor1
GAACCTAGTAAGGGCT-1	tumor1
GAACCTAGTGACAAAT-1	tumor1
GAACCTAGTTCTGTTT-1	tumor1
GAACCTATCAATCTCT-1	tumor1
GAACCTATCGCTAGCG-1	tumor1
GAACCTATCGTGGACC-1	tumor1
GAACCTATCTGAGTGT-1	tumor1
GAACGGAAGCTCCCAG-1	tumor1
GAACGGAGTATAGTAG-1	tumor1
GAACGGAGTTGTGGCC-1	tumor1
GAACGGATCAACGAAA-1	tumor1
GAACGGATCCGAGCCA-1	tumor1
GAAGCAGAGAAACCTA-1	tumor1
GAAGCAGAGCCGCCTA-1	tumor1
GAAGCAGAGGACAGAA-1	tumor1
GAAGCAGAGGAGTCTG-1	tumor1
GAAGCAGAGTAGCGGT-1	tumor1
GAAGCAGGTAGGCATG-1	tumor1
GAAGCAGGTGTTCGAT-1	tumor1
GAATAAGAGAGAGCTC-1	tumor1
GAATAAGAGATGGCGT-1	tumor1
GAATAAGAGTCATCCA-1	tumor1
GAATAAGCAATAAGCA-1	tumor1
GAATAAGCATCGGGTC-1	tumor1
GAATAAGGTCCGAACC-1	tumor1
GAATAAGTCACGATGT-1	tumor1
GAATAAGTCAGAGGTG-1	tumor1
GAATAAGTCCTGCCAT-1	tumor1
GAATGAAAGCGTGAGT-1	tumor1
GAATGAACACAGGTTT-1	tumor1
GAATGAACACTAAGTC-1	tumor1
GAATGAATCGCACTCT-1	tumor1
GACACGCCAGCTCGCA-1	tumor1
GACACGCCATTCTCAT-1	tumor1
GACACGCTCGCGTTTC-1	tumor1
GACACGCTCTTAGAGC-1	tumor1
GACAGAGAGTGCGATG-1	tumor1
GACAGAGGTGCTGTAT-1	tumor1
GACAGAGGTTTGACTG-1	tumor1
GACAGAGTCAGCACAT-1	tumor1
GACAGAGTCAGTCAGT-1	tumor1
GACAGAGTCATAACCG-1	tumor1
GACCAATAGACCTTTG-1	tumor1
GACCAATCAGGTTTCA-1	tumor1
GACCAATCATGAAGTA-1	tumor1
GACCAATTCATGCAAC-1	tumor1
GACCTGGGTCCTGCTT-1	tumor1
GACGCGTCAAACCTAC-1	tumor1
GACGCGTCAAGGACTG-1	tumor1
GACGCGTCACAACGCC-1	tumor1
GACGCGTCACATAACC-1	tumor1
GACGCGTCACGGTTTA-1	tumor1
GACGCGTCAGATCGGA-1	tumor1
GACGCGTGTACAGTGG-1	tumor1
GACGCGTTCGGTGTCG-1	tumor1
GACGCGTTCTAACTCT-1	tumor1
GACGGCTAGATGGCGT-1	tumor1
GACGGCTAGCGTTCCG-1	tumor1
GACGGCTAGCTGAACG-1	tumor1
GACGGCTAGGACAGAA-1	tumor1
GACGGCTAGGAGCGAG-1	tumor1
GACGGCTCAAGTTCTG-1	tumor1
GACGGCTCAATGCCAT-1	tumor1
GACGGCTCACGAGAGT-1	tumor1
GACGTGCAGTAACCCT-1	tumor1
GACGTGCCACGAAATA-1	tumor1
GACGTGCCATCACGTA-1	tumor1
GACGTGCCATTCCTCG-1	tumor1
GACGTGCGTGACTCAT-1	tumor1
GACGTGCTCAGTCCCT-1	tumor1
GACGTTAAGGAGTTGC-1	tumor1
GACGTTAAGGCGTACA-1	tumor1
GACGTTAAGTTCGCGC-1	tumor1
GACGTTACAAGCGATG-1	tumor1
GACGTTACATATGGTC-1	tumor1
GACGTTACATCCCACT-1	tumor1
GACGTTAGTAGCTCCG-1	tumor1
GACGTTAGTCCAGTGC-1	tumor1
GACGTTATCCCACTTG-1	tumor1
GACGTTATCCTACAGA-1	tumor1
GACGTTATCGCCAGCA-1	tumor1
GACTAACAGTACTTGC-1	tumor1
GACTAACCAAGGTTTC-1	tumor1
GACTAACCAGTTAACC-1	tumor1
GACTAACGTTACGTCA-1	tumor1
GACTAACTCCTCATTA-1	tumor1
GACTAACTCTTTAGTC-1	tumor1
GACTACAAGCAGGTCA-1	tumor1
GACTACAAGGTCGGAT-1	tumor1
GACTACAGTGATGCCC-1	tumor1
GACTACAGTTACGTCA-1	tumor1
GACTACATCGCAAACT-1	tumor1
GACTACATCGCTTAGA-1	tumor1
GACTACATCTCGTATT-1	tumor1
GACTGCGAGAAGGCCT-1	tumor1
GACTGCGAGCACCGCT-1	tumor1
GACTGCGGTACCCAAT-1	tumor1
GAGCAGAAGAACTGTA-1	tumor1
GAGCAGACAAGCGATG-1	tumor1
GAGCAGACACGAAATA-1	tumor1
GAGCAGACAGGAATGC-1	tumor1
GAGCAGACAGTATGCT-1	tumor1
GAGCAGAGTCTCACCT-1	tumor1
GAGGTGACAACTGCGC-1	tumor1
GAGGTGAGTAGGACAC-1	tumor1
GAGGTGAGTGGGTCAA-1	tumor1
GAGGTGATCATAGCAC-1	tumor1
GAGGTGATCCCTAACC-1	tumor1
GAGGTGATCCGTCAAA-1	tumor1
GAGGTGATCCTAGAAC-1	tumor1
GAGTCCGCAAGCCATT-1	tumor1
GAGTCCGCACAACGTT-1	tumor1
GAGTCCGCAGGAATCG-1	tumor1
GAGTCCGCATGGTAGG-1	tumor1
GAGTCCGGTGAAATCA-1	tumor1
GAGTCCGTCACGAAGG-1	tumor1
GAGTCCGTCAGCTGGC-1	tumor1
GATCAGTAGCTATGCT-1	tumor1
GATCAGTAGCTGGAAC-1	tumor1
GATCAGTCAACTGCTA-1	tumor1
GATCAGTCACGGTTTA-1	tumor1
GATCAGTGTAGTACCT-1	tumor1
GATCAGTGTCTCGTTC-1	tumor1
GATCAGTGTTGGACCC-1	tumor1
GATCAGTTCCGTCATC-1	tumor1
GATCAGTTCTCGCATC-1	tumor1
GATCGATAGCGATATA-1	tumor1
GATCGATCAATCTGCA-1	tumor1
GATCGATGTAGCCTCG-1	tumor1
GATCGCGAGAGTACAT-1	tumor1
GATCGCGAGGTGACCA-1	tumor1
GATCGCGCAAGTCTGT-1	tumor1
GATCGCGCACAGACAG-1	tumor1
GATCGCGCACGTTGGC-1	tumor1
GATCGCGCAGTAAGCG-1	tumor1
GATCGCGGTACTCAAC-1	tumor1
GATCGCGGTCCTCCAT-1	tumor1
GATCGCGGTCTGGTCG-1	tumor1
GATCGCGGTTCGTCTC-1	tumor1
GATCGCGTCCATTCTA-1	tumor1
GATCGTAAGAGTGAGA-1	tumor1
GATCGTAAGGCCATAG-1	tumor1
GATCGTAAGGCTACGA-1	tumor1
GATCGTACAGCGAACA-1	tumor1
GATCGTAGTTCAGCGC-1	tumor1
GATCGTATCGAGCCCA-1	tumor1
GATCGTATCGTAGGTT-1	tumor1
GATCGTATCGTCTGCT-1	tumor1
GATCTAGAGGGTGTTG-1	tumor1
GATCTAGAGGTCGGAT-1	tumor1
GATCTAGGTCGTCTTC-1	tumor1
GATCTAGGTGTAAGTA-1	tumor1
GATGAAAAGGTAAACT-1	tumor1
GATGAAACAAACTGCT-1	tumor1
GATGAAACAAGAGTCG-1	tumor1
GATGAAACATTGGTAC-1	tumor1
GATGAAAGTAGCACGA-1	tumor1
GATGAAAGTTAAGAAC-1	tumor1
GATGAAAGTTCGCGAC-1	tumor1
GATGAAAGTTTGCATG-1	tumor1
GATGAAATCGCATGAT-1	tumor1
GATGAAATCTTGGGTA-1	tumor1
GATGAGGAGATGCGAC-1	tumor1
GATGAGGCAGTAGAGC-1	tumor1
GATGAGGTCACATACG-1	tumor1
GATGAGGTCACCGGGT-1	tumor1
GATGAGGTCCGATATG-1	tumor1
GATGAGGTCCGTAGTA-1	tumor1
GATGAGGTCCTTAATC-1	tumor1
GATGCTACATCTACGA-1	tumor1
GATGCTACATGTAAGA-1	tumor1
GATGCTAGTAACGCGA-1	tumor1
GATGCTATCAGGATCT-1	tumor1
GATGCTATCCTTCAAT-1	tumor1
GATTCAGTCTCACATT-1	tumor1
GCAAACTAGTATTGGA-1	tumor1
GCAAACTCAATGCCAT-1	tumor1
GCAAACTCACCGAATT-1	tumor1
GCAAACTCACGGTAAG-1	tumor1
GCAAACTCATGGATGG-1	tumor1
GCAAACTGTTCGGCAC-1	tumor1
GCAAACTTCACTATTC-1	tumor1
GCAATCACACCTGGTG-1	tumor1
GCAATCACACGGTGTC-1	tumor1
GCAATCACAGTCTTCC-1	tumor1
GCAATCAGTCAACATC-1	tumor1
GCAATCATCACCCGAG-1	tumor1
GCAATCATCGATGAGG-1	tumor1
GCAATCATCTGTTTGT-1	tumor1
GCACATACAAGAAAGG-1	tumor1
GCACATACAGTAACGG-1	tumor1
GCACATACATGAACCT-1	tumor1
GCACATAGTCAAAGAT-1	tumor1
GCACATAGTGTAAGTA-1	tumor1
GCACATAGTGTTGGGA-1	tumor1
GCACATATCAAGCCTA-1	tumor1
GCACATATCACCTCGT-1	tumor1
GCACATATCACTCTTA-1	tumor1
GCACATATCAGGTTCA-1	tumor1
GCACATATCCAAGCCG-1	tumor1
GCACTCTAGTGTCCCG-1	tumor1
GCACTCTCAGTCGATT-1	tumor1
GCACTCTCATCCGTGG-1	tumor1
GCACTCTGTCACCTAA-1	tumor1
GCACTCTGTTACTGAC-1	tumor1
GCAGCCAAGGCCATAG-1	tumor1
GCAGCCAAGGGAGTAA-1	tumor1
GCAGCCAAGGGTCGAT-1	tumor1
GCAGCCAGTCTGATCA-1	tumor1
GCAGCCATCACGGTTA-1	tumor1
GCAGCCATCAGCTCTC-1	tumor1
GCAGCCATCTCAACTT-1	tumor1
GCAGTTACAAGACGTG-1	tumor1
GCAGTTACAGATAATG-1	tumor1
GCAGTTACATAAAGGT-1	tumor1
GCAGTTACATGCCTTC-1	tumor1
GCATACAAGAAGGTGA-1	tumor1
GCATACAGTCTCACCT-1	tumor1
GCATACAGTCTCTCTG-1	tumor1
GCATACAGTTGGTAAA-1	tumor1
GCATGATCAATTCCTT-1	tumor1
GCATGCGAGTTCCACA-1	tumor1
GCATGCGCACAGACTT-1	tumor1
GCATGCGGTCATGCAT-1	tumor1
GCATGCGTCATCGCTC-1	tumor1
GCATGTAAGAGTCTGG-1	tumor1
GCATGTAAGCTAACTC-1	tumor1
GCATGTACACAGGTTT-1	tumor1
GCATGTACACCCATGG-1	tumor1
GCATGTACAGCAGTTT-1	tumor1
GCATGTACATGTTCCC-1	tumor1
GCATGTAGTCTCTCGT-1	tumor1
GCATGTAGTTCTCATT-1	tumor1
GCATGTAGTTGAGTTC-1	tumor1
GCATGTATCACTTACT-1	tumor1
GCATGTATCGGAAATA-1	tumor1
GCCAAATAGAATAGGG-1	tumor1
GCCAAATAGACACGAC-1	tumor1
GCCAAATAGACTTTCG-1	tumor1
GCCAAATAGCAGATCG-1	tumor1
GCCAAATAGCCACGCT-1	tumor1
GCCAAATGTTCAGACT-1	tumor1
GCCAAATTCTTCGGTC-1	tumor1
GCCTCTACAAATACAG-1	tumor1
GCCTCTACAAGTTCTG-1	tumor1
GCCTCTACAGATCCAT-1	tumor1
GCCTCTACATTGGCGC-1	tumor1
GCCTCTAGTCCGTTAA-1	tumor1
GCCTCTAGTGTATGGG-1	tumor1
GCCTCTATCATCTGCC-1	tumor1
GCCTCTATCTGCGACG-1	tumor1
GCGACCAAGACTACAA-1	tumor1
GCGACCAAGCACGCCT-1	tumor1
GCGACCAAGCCGTCGT-1	tumor1
GCGACCAAGCTATGCT-1	tumor1
GCGACCAAGTCCTCCT-1	tumor1
GCGACCACACGGCTAC-1	tumor1
GCGACCAGTAAAGGAG-1	tumor1
GCGACCAGTTCGCTAA-1	tumor1
GCGACCAGTTCTGGTA-1	tumor1
GCGACCATCCCTTGTG-1	tumor1
GCGACCATCTCTAAGG-1	tumor1
GCGAGAAAGAATTGTG-1	tumor1
GCGAGAAAGTAAGTAC-1	tumor1
GCGAGAAAGTTATCGC-1	tumor1
GCGAGAACAGCCTTGG-1	tumor1
GCGAGAATCTTCAACT-1	tumor1
GCGCAACTCAAACCGT-1	tumor1
GCGCAACTCCTGTAGA-1	tumor1
GCGCAACTCTCGATGA-1	tumor1
GCGCAGTAGGCCCTTG-1	tumor1
GCGCAGTAGTCCTCCT-1	tumor1
GCGCAGTGTGATGTGG-1	tumor1
GCGCAGTGTTGGTTTG-1	tumor1
GCGCCAAAGCTCAACT-1	tumor1
GCGCCAAAGCTGGAAC-1	tumor1
GCGCCAAAGGAATCGC-1	tumor1
GCGCCAACAGTATGCT-1	tumor1
GCGCCAAGTCGAATCT-1	tumor1
GCGCGATAGACAGAGA-1	tumor1
GCGCGATAGCTGCAAG-1	tumor1
GCGCGATCAACTGCGC-1	tumor1
GCGCGATCACGAGAGT-1	tumor1
GCGCGATCAGGGTTAG-1	tumor1
GCGCGATCATACGCCG-1	tumor1
GCGCGATGTACGCACC-1	tumor1
GCGCGATGTGATGTCT-1	tumor1
GCGCGATGTGGCTCCA-1	tumor1
GCGCGATTCAGCGACC-1	tumor1
GCGCGATTCGACCAGC-1	tumor1
GCGGGTTAGACACGAC-1	tumor1
GCGGGTTAGGCGTACA-1	tumor1
GCGGGTTGTAGCAAAT-1	tumor1
GCGGGTTGTTCAGTAC-1	tumor1
GCGGGTTGTTCGTTGA-1	tumor1
GCGGGTTTCCATGAAC-1	tumor1
GCGGGTTTCTGACCTC-1	tumor1
GCTCCTAAGACAATAC-1	tumor1
GCTCCTACAATGCCAT-1	tumor1
GCTCCTACACGAAGCA-1	tumor1
GCTCCTAGTCAGAGGT-1	tumor1
GCTCCTATCCGCGCAA-1	tumor1
GCTCCTATCTTGCATT-1	tumor1
GCTCTGTAGTACGACG-1	tumor1
GCTCTGTCAGATAATG-1	tumor1
GCTCTGTCAGTGAGTG-1	tumor1
GCTCTGTGTCTAGTCA-1	tumor1
GCTCTGTTCTGAGGGA-1	tumor1
GCTGCAGAGAGTAAGG-1	tumor1
GCTGCAGTCAGCACAT-1	tumor1
GCTGCAGTCCTGTAGA-1	tumor1
GCTGCAGTCGGCGCTA-1	tumor1
GCTGCAGTCTTGTACT-1	tumor1
GCTGCGAAGACTAAGT-1	tumor1
GCTGCGACACTGTTAG-1	tumor1
GCTGCGACAGATCGGA-1	tumor1
GCTGCGACATTGGTAC-1	tumor1
GCTGCTTAGGGTCTCC-1	tumor1
GCTGCTTCAATCCGAT-1	tumor1
GCTGCTTCAGACGTAG-1	tumor1
GCTGCTTGTATGGTTC-1	tumor1
GCTGCTTGTGGGTCAA-1	tumor1
GCTGCTTTCAGCGATT-1	tumor1
GCTGCTTTCTCCAACC-1	tumor1
GCTGGGTAGAGTGACC-1	tumor1
GCTGGGTAGATGTCGG-1	tumor1
GCTGGGTAGTAGCCGA-1	tumor1
GCTGGGTCAAACCCAT-1	tumor1
GCTGGGTGTGATAAAC-1	tumor1
GCTGGGTTCAACTCTT-1	tumor1
GCTGGGTTCCTCTAGC-1	tumor1
GCTGGGTTCTACTCAT-1	tumor1
GCTTCCAAGTTATCGC-1	tumor1
GCTTCCACAGATCTGT-1	tumor1
GCTTCCAGTAGCTGCC-1	tumor1
GCTTCCAGTGATGTGG-1	tumor1
GCTTCCATCTCTTATG-1	tumor1
GCTTGAAAGCGTGAGT-1	tumor1
GCTTGAACACAACGCC-1	tumor1
GCTTGAACACGTTGGC-1	tumor1
GCTTGAACATCACCCT-1	tumor1
GCTTGAATCGCTAGCG-1	tumor1
GGAAAGCAGGATGGTC-1	tumor1
GGAAAGCAGTTGAGTA-1	tumor1
GGAAAGCCAACTTGAC-1	tumor1
GGAAAGCGTATATCCG-1	tumor1
GGAAAGCTCCGGCACA-1	tumor1
GGAAAGCTCGGTGTCG-1	tumor1
GGAACTTCAGGAATGC-1	tumor1
GGAACTTTCCAATGGT-1	tumor1
GGAATAATCACATAGC-1	tumor1
GGAATAATCTGCGACG-1	tumor1
GGACAAGCATACTCTT-1	tumor1
GGACAAGTCAAACCAC-1	tumor1
GGACAAGTCGGAATCT-1	tumor1
GGACAAGTCGTTTGCC-1	tumor1
GGACAAGTCTCTTGAT-1	tumor1
GGACAGAAGAAGGACA-1	tumor1
GGACAGAAGATCCCAT-1	tumor1
GGACAGAAGCGTAGTG-1	tumor1
GGACAGAAGGCCATAG-1	tumor1
GGACAGAAGTCCGGTC-1	tumor1
GGACAGACAAAGAATC-1	tumor1
GGACAGACATGGGACA-1	tumor1
GGACAGATCGAATCCA-1	tumor1
GGACAGATCTAGCACA-1	tumor1
GGACATTAGCCGATTT-1	tumor1
GGACATTCAACACGCC-1	tumor1
GGACATTTCGCGGATC-1	tumor1
GGACATTTCGGTGTCG-1	tumor1
GGACATTTCTCTTGAT-1	tumor1
GGACATTTCTTTACGT-1	tumor1
GGACGTCAGACACGAC-1	tumor1
GGACGTCAGCCCAACC-1	tumor1
GGACGTCAGGTGATTA-1	tumor1
GGACGTCAGTCACGCC-1	tumor1
GGACGTCCAAGTCATC-1	tumor1
GGACGTCCACCAGGCT-1	tumor1
GGACGTCCACTGTTAG-1	tumor1
GGACGTCCATCCGCGA-1	tumor1
GGACGTCGTAGGAGTC-1	tumor1
GGACGTCGTTCAGTAC-1	tumor1
GGACGTCTCGCGTAGC-1	tumor1
GGAGCAAGTGTATGGG-1	tumor1
GGAGCAATCCCTCTTT-1	tumor1
GGATGTTAGCCACGCT-1	tumor1
GGATGTTCAAGCTGTT-1	tumor1
GGATGTTGTTCAGGCC-1	tumor1
GGATGTTTCTGGTATG-1	tumor1
GGATTACAGAGATGAG-1	tumor1
GGATTACAGGCCCGTT-1	tumor1
GGATTACAGTTGTCGT-1	tumor1
GGATTACGTGGCAAAC-1	tumor1
GGATTACTCAGGTAAA-1	tumor1
GGATTACTCGACCAGC-1	tumor1
GGATTACTCGCCTGTT-1	tumor1
GGCAATTAGAAAGTGG-1	tumor1
GGCAATTCAAGACGTG-1	tumor1
GGCAATTCATTTGCCC-1	tumor1
GGCAATTGTGTGCCTG-1	tumor1
GGCAATTGTTTGACAC-1	tumor1
GGCCGATAGACGCTTT-1	tumor1
GGCCGATAGACTCGGA-1	tumor1
GGCCGATCACTTAACG-1	tumor1
GGCCGATGTCTTGATG-1	tumor1
GGCCGATGTGTTCGAT-1	tumor1
GGCCGATGTTCGCGAC-1	tumor1
GGCGACTCATGTAAGA-1	tumor1
GGCGACTTCAACGGGA-1	tumor1
GGCGTGTAGCTCCTCT-1	tumor1
GGCGTGTAGTACGTAA-1	tumor1
GGCGTGTCACCCAGTG-1	tumor1
GGCGTGTCATGTTCCC-1	tumor1
GGCGTGTTCACCGGGT-1	tumor1
GGCTCGAAGCACGCCT-1	tumor1
GGCTCGAAGGTGCAAC-1	tumor1
GGCTCGACAAGGTTCT-1	tumor1
GGCTCGAGTAATAGCA-1	tumor1
GGCTCGATCCAGAAGG-1	tumor1
GGCTCGATCGGATGTT-1	tumor1
GGCTCGATCTAGAGTC-1	tumor1
GGCTGGTAGGGCTTGA-1	tumor1
GGCTGGTGTCGCGGTT-1	tumor1
GGCTGGTGTGTAAGTA-1	tumor1
GGCTGGTGTTCACGGC-1	tumor1
GGCTGGTTCCTTTCTC-1	tumor1
GGCTGGTTCGCGCCAA-1	tumor2
GGGAATGAGCACACAG-1	tumor2
GGGAATGAGGGCATGT-1	tumor2
GGGAATGCAAAGCGGT-1	tumor2
GGGAATGTCAGCAACT-1	tumor2
GGGAATGTCCTATTCA-1	tumor2
GGGAATGTCGCATGGC-1	tumor2
GGGAATGTCTACCAGA-1	tumor2
GGGACCTAGCAGATCG-1	tumor2
GGGACCTCAATGAATG-1	tumor2
GGGACCTGTGACGCCT-1	tumor2
GGGAGATAGAAACCTA-1	tumor2
GGGAGATAGACAGGCT-1	tumor2
GGGAGATCACTGTTAG-1	tumor2
GGGAGATGTCAGAAGC-1	tumor2
GGGAGATTCCGATATG-1	tumor2
GGGAGATTCTGTTTGT-1	tumor2
GGGAGATTCTTTCCTC-1	tumor2
GGGATGAAGGCCCGTT-1	tumor2
GGGATGAGTCTCGTTC-1	tumor2
GGGATGAGTTTAGCTG-1	tumor2
GGGCACTAGAGTAATC-1	tumor2
GGGCACTTCTCAAACG-1	tumor2
GGGCATCAGAGCCTAG-1	tumor2
GGGCATCAGGCTCATT-1	tumor2
GGGCATCAGTACACCT-1	tumor2
GGGCATCCACGACGAA-1	tumor2
GGGCATCCATCAGTAC-1	tumor2
GGGCATCTCCTCCTAG-1	tumor2
GGGTCTGAGAGACTTA-1	tumor2
GGGTCTGAGAGCAATT-1	tumor2
GGGTCTGAGGCATGGT-1	tumor2
GGGTCTGAGTACACCT-1	tumor2
GGGTCTGAGTGTTTGC-1	tumor2
GGGTCTGGTTACGCGC-1	tumor2
GGGTCTGGTTGGACCC-1	tumor2
GGGTCTGTCAGGTAAA-1	tumor2
GGGTCTGTCAGTACGT-1	tumor2
GGGTCTGTCGAATGGG-1	tumor2
GGGTCTGTCGTCCGTT-1	tumor2
GGGTTGCAGAGGTACC-1	tumor2
GGGTTGCCAACCGCCA-1	tumor2
GGGTTGCTCGTTTATC-1	tumor2
GGGTTGCTCTATGTGG-1	tumor2
GGTATTGGTACTTGAC-1	tumor2
GGTATTGGTTCAGTAC-1	tumor2
GGTATTGGTTTGTTTC-1	tumor2
GGTATTGTCTCTAAGG-1	tumor2
GGTATTGTCTGAGGGA-1	tumor2
GGTGAAGCACCTTGTC-1	tumor2
GGTGAAGCAGTATCTG-1	tumor2
GGTGAAGTCCACTGGG-1	tumor2
GGTGAAGTCGGAGCAA-1	tumor2
GGTGAAGTCTTGTTTG-1	tumor2
GGTGCGTAGCCAGAAC-1	tumor2
GGTGCGTCACGGTAGA-1	tumor2
GGTGCGTCAGACTCGC-1	tumor2
GGTGCGTCAGTGGAGT-1	tumor2
GGTGCGTGTAGGGTAC-1	tumor2
GGTGCGTGTCATCCCT-1	tumor2
GGTGCGTGTGCTTCTC-1	tumor2
GGTGCGTGTTCTGAAC-1	tumor2
GGTGCGTTCACGGTTA-1	tumor2
GGTGCGTTCAGTTTGG-1	tumor2
GGTGTTAAGACTACAA-1	tumor2
GGTGTTACACTGTGTA-1	tumor2
GGTGTTAGTCGAGATG-1	tumor2
GGTGTTATCGAATGCT-1	tumor2
GTAACGTAGATGCCTT-1	tumor2
GTAACGTAGCAGATCG-1	tumor2
GTAACGTAGGTGCTTT-1	tumor2
GTAACGTGTTCGAATC-1	tumor2
GTAACGTGTTGCCTCT-1	tumor2
GTAACGTTCTTACCGC-1	tumor2
GTAACTGAGATCTGCT-1	tumor2
GTAACTGCAGAGCCAA-1	tumor2
GTAACTGTCTTTACAC-1	tumor2
GTACGTAAGACGCACA-1	tumor2
GTACGTAAGCTTCGCG-1	tumor2
GTACGTAAGTTGAGAT-1	tumor2
GTACGTACACCTCGTT-1	tumor2
GTACGTAGTCGGCTCA-1	tumor2
GTACGTAGTCTTCGTC-1	tumor2
GTACGTAGTGCCTGGT-1	tumor2
GTACGTAGTTCACCTC-1	tumor2
GTACGTATCCTCATTA-1	tumor2
GTACGTATCTTGTTTG-1	tumor2
GTACTCCAGCGTCAAG-1	tumor2
GTACTCCAGCTGAAAT-1	tumor2
GTACTCCAGTGAATTG-1	tumor2
GTACTCCCAGTCGATT-1	tumor2
GTACTCCCATCAGTCA-1	tumor2
GTACTCCTCTTGAGGT-1	tumor2
GTACTTTCACAGAGGT-1	tumor2
GTACTTTCAGGCGATA-1	tumor2
GTACTTTCAGTTAACC-1	tumor2
GTACTTTGTAAGTTCC-1	tumor2
GTACTTTGTAGAAGGA-1	tumor2
GTACTTTGTAGCTAAA-1	tumor2
GTACTTTGTGCCTGTG-1	tumor2
GTACTTTGTGTGAAAT-1	tumor2
GTACTTTTCCAAGTAC-1	tumor2
GTAGGCCAGCGCTCCA-1	tumor2
GTAGGCCAGTCCTCCT-1	tumor2
GTAGGCCAGTGAACGC-1	tumor2
GTAGGCCCACAAGACG-1	tumor2
GTAGGCCGTAAGGGCT-1	tumor2
GTAGGCCGTTAAGACA-1	tumor2
GTAGGCCTCATGGTCA-1	tumor2
GTAGGCCTCCGTTGTC-1	tumor2
GTAGGCCTCGCCAGCA-1	tumor2
GTAGTCACACATAACC-1	tumor2
GTAGTCACATGTCCTC-1	tumor2
GTAGTCAGTTCGGGCT-1	tumor2
GTAGTCAGTTTGACAC-1	tumor2
GTAGTCATCGGACAAG-1	tumor2
GTATCTTAGGAGCGTT-1	tumor2
GTATCTTAGTACGTTC-1	tumor2
GTATCTTAGTGTTAGA-1	tumor2
GTATCTTCAAGACGTG-1	tumor2
GTATCTTGTGTCCTCT-1	tumor2
GTATCTTGTTAAGGGC-1	tumor2
GTATCTTTCACGACTA-1	tumor2
GTATTCTAGTGCGATG-1	tumor2
GTATTCTCAGACGCAA-1	tumor2
GTATTCTGTGACGGTA-1	tumor2
GTATTCTTCCTTTACA-1	tumor2
GTATTCTTCTCACATT-1	tumor2
GTCAAGTAGACTTTCG-1	tumor2
GTCAAGTAGGACATTA-1	tumor2
GTCAAGTAGTCCGTAT-1	tumor2
GTCAAGTCAGACAAAT-1	tumor2
GTCAAGTCATACCATG-1	tumor2
GTCAAGTGTCTCGTTC-1	tumor2
GTCAAGTTCAGCAACT-1	tumor2
GTCAAGTTCGAGAACG-1	tumor2
GTCAAGTTCTACTCAT-1	tumor2
GTCACAAAGTCCGGTC-1	tumor2
GTCACAACAATGAATG-1	tumor2
GTCACAAGTCATTAGC-1	tumor2
GTCACAAGTCCGACGT-1	tumor2
GTCACAAGTGACGCCT-1	tumor2
GTCACAAGTTACGGAG-1	tumor2
GTCACAATCAATACCG-1	tumor2
GTCACAATCACAACGT-1	tumor2
GTCACGGAGTAGGCCA-1	tumor2
GTCACGGAGTGCCAGA-1	tumor2
GTCACGGGTCAAAGCG-1	tumor2
GTCACGGTCCAGAAGG-1	tumor2
GTCACGGTCCCATTTA-1	tumor2
GTCACGGTCCTTAATC-1	tumor2
GTCATTTAGGCCCTTG-1	tumor2
GTCATTTAGTGCAAGC-1	tumor2
GTCATTTCACGTAAGG-1	tumor2
GTCATTTCAGTCTTCC-1	tumor2
GTCATTTCATACTACG-1	tumor2
GTCATTTCATGTCGAT-1	tumor2
GTCATTTGTGAGTGAC-1	tumor2
GTCATTTGTGGTAACG-1	tumor2
GTCCTCAAGAGTACCG-1	tumor2
GTCCTCACACTGTTAG-1	tumor2
GTCCTCAGTGTCCTCT-1	tumor2
GTCCTCAGTTGGGACA-1	tumor2
GTCCTCATCGGAAATA-1	tumor2
GTCCTCATCTCGATGA-1	tumor2
GTCGGGTAGAGCTGGT-1	tumor2
GTCGGGTGTTAAGACA-1	tumor2
GTCGGGTGTTATCACG-1	tumor2
GTCGGGTGTTGATTCG-1	tumor2
GTCGGGTTCACCATAG-1	tumor2
GTCGGGTTCCTCATTA-1	tumor2
GTCGGGTTCGGAAACG-1	tumor2
GTCGGGTTCGGAGCAA-1	tumor2
GTCGGGTTCTTCATGT-1	tumor2
GTCGTAAAGGAGCGAG-1	tumor2
GTCGTAACACAACGCC-1	tumor2
GTCGTAACACCGTTGG-1	tumor2
GTCGTAAGTGGCGAAT-1	tumor2
GTCGTAAGTTATTCTC-1	tumor2
GTCGTAAGTTCGTCTC-1	tumor2
GTCGTAATCCCACTTG-1	tumor2
GTCGTAATCTGTCAAG-1	tumor2
GTCGTAATCTTACCGC-1	tumor2
GTCTCGTAGGTAAACT-1	tumor2
GTCTCGTCAAGGGTCA-1	tumor2
GTCTCGTCATACAGCT-1	tumor2
GTCTCGTCATACTACG-1	tumor2
GTCTCGTGTAAGAGGA-1	tumor2
GTCTCGTGTACTCAAC-1	tumor2
GTCTCGTGTCCAACTA-1	tumor2
GTCTCGTGTGCAGTAG-1	tumor2
GTCTCGTGTGTGACGA-1	tumor2
GTCTCGTTCATAAAGG-1	tumor2
GTCTCGTTCTTACCTA-1	tumor2
GTCTTCGAGCGAAGGG-1	tumor2
GTCTTCGAGTGGGATC-1	tumor2
GTCTTCGCATTGCGGC-1	tumor2
GTCTTCGGTAGAGCTG-1	tumor2
GTCTTCGGTCGCTTTC-1	tumor2
GTCTTCGGTGGTCTCG-1	tumor2
GTCTTCGTCATAAAGG-1	tumor2
GTCTTCGTCCTAGGGC-1	tumor2
GTGAAGGAGCTTTGGT-1	tumor2
GTGAAGGAGGCCGAAT-1	tumor2
GTGAAGGCAAGAGTCG-1	tumor2
GTGAAGGCACCAGATT-1	tumor2
GTGAAGGCATTCTTAC-1	tumor2
GTGAAGGGTACTCTCC-1	tumor2
GTGAAGGGTGCTGTAT-1	tumor2
GTGAAGGGTTATCCGA-1	tumor2
GTGAAGGGTTATGTGC-1	tumor2
GTGAAGGTCGCTTAGA-1	tumor2
GTGCAGCAGAGACTTA-1	tumor2
GTGCAGCAGCTAGTTC-1	tumor2
GTGCAGCAGCTGTTCA-1	tumor2
GTGCAGCAGTCAAGGC-1	tumor2
GTGCAGCGTAGAGCTG-1	tumor2
GTGCAGCGTCTTTCAT-1	tumor2
GTGCAGCTCGATAGAA-1	tumor2
GTGCATAAGATAGTCA-1	tumor2
GTGCATAAGCTATGCT-1	tumor2
GTGCATAAGGCATGGT-1	tumor2
GTGCATACAAAGGCGT-1	tumor2
GTGCATACAGGGAGAG-1	tumor2
GTGCATAGTAGAGCTG-1	tumor2
GTGCGGTCAAGCTGGA-1	tumor2
GTGCGGTGTACAGTTC-1	tumor2
GTGCGGTGTTAAGGGC-1	tumor2
GTGCGGTGTTTAGCTG-1	tumor2
GTGCGGTTCACTCTTA-1	tumor2
GTGCGGTTCAGTGTTG-1	tumor2
GTGCGGTTCCGATATG-1	tumor2
GTGCTTCAGTAAGTAC-1	tumor2
GTGCTTCAGTACGACG-1	tumor2
GTGCTTCGTTACCGAT-1	tumor2
GTGCTTCGTTTCCACC-1	tumor2
GTGCTTCTCAAACCGT-1	tumor2
GTGCTTCTCAGCATGT-1	tumor2
GTGGGTCCAGGTCTCG-1	tumor2
GTGGGTCCATCTACGA-1	tumor2
GTGGGTCGTACTTGAC-1	tumor2
GTGGGTCGTCCGTTAA-1	tumor2
GTGGGTCGTTGACGTT-1	tumor2
GTGGGTCTCCTATTCA-1	tumor2
GTGGGTCTCGCACTCT-1	tumor2
GTGGGTCTCGTACGGC-1	tumor2
GTGTGCGAGTCCGGTC-1	tumor2
GTGTGCGAGTGTACGG-1	tumor2
GTGTGCGCAAGCGAGT-1	tumor2
GTGTGCGCAGATGAGC-1	tumor2
GTGTGCGCATGAACCT-1	tumor2
GTGTGCGCATGTCGAT-1	tumor2
GTGTGCGGTCAACATC-1	tumor2
GTGTGCGGTCGCGTGT-1	tumor2
GTGTGCGTCAGCGACC-1	tumor2
GTGTGCGTCTCGAGTA-1	tumor2
GTGTTAGAGAGCTATA-1	tumor2
GTGTTAGGTCATGCCG-1	tumor2
GTGTTAGTCTTCATGT-1	tumor2
GTTAAGCAGGAATTAC-1	tumor2
GTTAAGCCACACTGCG-1	tumor2
GTTACAGAGACTCGGA-1	tumor2
GTTACAGAGTGTGAAT-1	tumor2
GTTACAGAGTGTTAGA-1	tumor2
GTTACAGCACGCTTTC-1	tumor2
GTTACAGCAGCCTGTG-1	tumor2
GTTACAGGTAGCGTAG-1	tumor2
GTTACAGGTGTCGCTG-1	tumor2
GTTACAGGTTCGGCAC-1	tumor2
GTTACAGGTTGCCTCT-1	tumor2
GTTCATTAGGACATTA-1	tumor2
GTTCATTAGGGATACC-1	tumor2
GTTCATTAGGTTACCT-1	tumor2
GTTCATTAGTCGCCGT-1	tumor2
GTTCATTCACGAGAGT-1	tumor2
GTTCATTGTTCAGACT-1	tumor2
GTTCGGGAGGATGGTC-1	tumor2
GTTCGGGCAAGCGATG-1	tumor2
GTTCGGGCACGTCTCT-1	tumor2
GTTCGGGCAGACGCTC-1	tumor2
GTTCGGGGTATGGTTC-1	tumor2
GTTCGGGGTGCGATAG-1	tumor2
GTTCGGGTCTGTCCGT-1	tumor2
GTTCTCGCAGTGAGTG-1	tumor2
GTTCTCGCATCGGTTA-1	tumor2
GTTCTCGGTAGCGATG-1	tumor2
GTTCTCGTCACTATTC-1	tumor2
GTTCTCGTCATGTCTT-1	tumor2
GTTCTCGTCCGATATG-1	tumor2
GTTTCTAAGAAAGTGG-1	tumor2
GTTTCTAAGATCGGGT-1	tumor2
GTTTCTAAGGTGTGGT-1	tumor2
GTTTCTACAATCCGAT-1	tumor2
GTTTCTACAGTATAAG-1	tumor2
GTTTCTACATGCTGGC-1	tumor2
GTTTCTACATGTCTCC-1	tumor2
GTTTCTAGTTCGCTAA-1	tumor2
GTTTCTATCCTTGACC-1	tumor2
GTTTCTATCGTTGCCT-1	tumor2
TAAACCGAGCCAGTTT-1	tumor2
TAAACCGCAAAGCAAT-1	tumor2
TAAACCGCATCGGACC-1	tumor2
TAAACCGTCACCGGGT-1	tumor2
TAAACCGTCAGTTCGA-1	tumor2
TAAGAGAAGACTTGAA-1	tumor2
TAAGAGACAAATACAG-1	tumor2
TAAGAGACAAGCTGAG-1	tumor2
TAAGAGACACAACTGT-1	tumor2
TAAGAGAGTCAGTGGA-1	tumor2
TAAGCGTAGGAGTAGA-1	tumor2
TAAGCGTCAAGCCGCT-1	tumor2
TAAGCGTGTCACAAGG-1	tumor2
TAAGTGCAGCAGGCTA-1	tumor2
TAAGTGCAGTTGTCGT-1	tumor2
TAAGTGCGTCAATACC-1	tumor2
TAAGTGCGTCACCCAG-1	tumor2
TAAGTGCTCAGCTCGG-1	tumor2
TAAGTGCTCCAAACTG-1	tumor2
TAAGTGCTCGGAGCAA-1	tumor2
TACACGAAGCAGCCTC-1	tumor2
TACACGAAGCGTCAAG-1	tumor2
TACACGAAGCGTGAAC-1	tumor2
TACACGACACTTCGAA-1	tumor2
TACACGATCACTATTC-1	tumor2
TACACGATCTTCGAGA-1	tumor2
TACAGTGAGCGATCCC-1	tumor2
TACAGTGCAGCCAGAA-1	tumor2
TACCTATAGACATAAC-1	tumor2
TACCTATAGCGTAGTG-1	tumor2
TACCTATCAAACCCAT-1	tumor2
TACCTATCAAGCCGCT-1	tumor2
TACCTATCACGTGAGA-1	tumor2
TACCTATCAGGCTGAA-1	tumor2
TACCTATTCGCAAGCC-1	tumor2
TACCTATTCTTACCTA-1	tumor2
TACCTTAAGTAGTGCG-1	tumor2
TACCTTACAAGCTGAG-1	tumor2
TACCTTAGTCATGCCG-1	tumor2
TACCTTAGTCTCAACA-1	tumor2
TACCTTAGTGCACGAA-1	tumor2
TACCTTATCAATCACG-1	tumor2
TACGGATAGGCGCTCT-1	tumor2
TACGGATAGTCGAGTG-1	tumor2
TACGGATAGTGGGTTG-1	tumor2
TACGGATGTAGTACCT-1	tumor2
TACGGATGTTATCGGT-1	tumor2
TACGGGCCACACTGCG-1	tumor2
TACGGGCCAGTGAGTG-1	tumor2
TACGGGCGTATTACCG-1	tumor2
TACGGGCGTTCGGGCT-1	tumor2
TACGGTACACCCAGTG-1	tumor2
TACGGTACACGTCAGC-1	tumor2
TACGGTACAGACAAGC-1	tumor2
TACGGTAGTTACGGAG-1	tumor2
TACGGTATCGAGCCCA-1	tumor2
TACTCATAGCCAACAG-1	tumor2
TACTCATAGCGATGAC-1	tumor2
TACTCATAGCTGGAAC-1	tumor2
TACTCATAGGACTGGT-1	tumor2
TACTCATAGTTGAGTA-1	tumor2
TACTCATGTCTGCGGT-1	tumor2
TACTCATTCACATACG-1	tumor2
TACTCATTCGCCCTTA-1	tumor2
TACTCGCAGACACTAA-1	tumor2
TACTCGCAGCTACCGC-1	tumor2
TACTCGCCAACTGCGC-1	tumor2
TACTCGCGTCGTTGTA-1	tumor2
TACTCGCGTTTGACAC-1	tumor2
TACTCGCTCAAGGCTT-1	tumor2
TACTCGCTCAGATAAG-1	tumor2
TACTCGCTCCTAGTGA-1	tumor2
TACTCGCTCTGTGCAA-1	tumor2
TACTTACAGACTTGAA-1	tumor2
TACTTACAGATAGCAT-1	tumor2
TACTTACAGGATGGAA-1	tumor2
TACTTACGTAGGCTGA-1	tumor2
TACTTACGTTACAGAA-1	tumor2
TACTTACGTTTGTTTC-1	tumor2
TACTTACTCAACGGCC-1	tumor2
TACTTACTCAGAGGTG-1	tumor2
TACTTACTCAGCATGT-1	tumor2
TACTTACTCTGTTTGT-1	tumor2
TACTTGTAGAAGGACA-1	tumor2
TACTTGTCATCTCCCA-1	tumor2
TACTTGTGTAGCTCCG-1	tumor2
TACTTGTGTCATTAGC-1	tumor2
TACTTGTTCGAACTGT-1	tumor2
TAGACCAAGAAGGCCT-1	tumor2
TAGACCAAGCCCAGCT-1	tumor2
TAGACCAAGTGGCACA-1	tumor2
TAGACCACACACCGCA-1	tumor2
TAGACCACAGTGAGTG-1	tumor2
TAGACCACATTCCTCG-1	tumor2
TAGACCAGTGAAGGCT-1	tumor2
TAGACCAGTGGAAAGA-1	tumor2
TAGACCAGTTTGACAC-1	tumor2
TAGACCATCATGTCTT-1	tumor2
TAGAGCTAGAGACTAT-1	tumor2
TAGAGCTAGATATGCA-1	tumor2
TAGAGCTAGTCGCCGT-1	tumor2
TAGAGCTCACATCCGG-1	tumor2
TAGAGCTCATGTCCTC-1	tumor2
TAGAGCTGTACTCAAC-1	tumor2
TAGAGCTGTCTAGTGT-1	tumor2
TAGAGCTGTGGGTCAA-1	tumor2
TAGAGCTTCGTGGACC-1	tumor2
TAGAGCTTCTAGCACA-1	tumor2
TAGCCGGAGCACCGTC-1	tumor2
TAGCCGGAGCTGCAAG-1	tumor2
TAGCCGGAGTCTTGCA-1	tumor2
TAGCCGGCAAGAAAGG-1	tumor2
TAGCCGGTCGAGAGCA-1	tumor2
TAGCCGGTCTCCCTGA-1	tumor2
TAGGCATCACCCAGTG-1	tumor2
TAGGCATCACGAAACG-1	tumor2
TAGGCATCATCGACGC-1	tumor2
TAGGCATCATGCCCGA-1	tumor2
TAGGCATGTAATCGTC-1	tumor2
TAGGCATGTCAACTGT-1	tumor2
TAGGCATGTTCCACGG-1	tumor2
TAGGCATTCGTGGACC-1	tumor2
TAGGCATTCTCAAACG-1	tumor2
TAGGCATTCTGATACG-1	tumor2
TAGTGGTAGATGGGTC-1	tumor2
TAGTGGTAGGGAAACA-1	tumor2
TAGTGGTAGTGCAAGC-1	tumor2
TAGTGGTGTCTAAACC-1	tumor2
TAGTGGTGTTAGAACA-1	tumor2
TAGTTGGCAAAGGAAG-1	tumor2
TAGTTGGCACTGAAGG-1	tumor2
TAGTTGGCAGTGGAGT-1	tumor2
TAGTTGGCATGCTGGC-1	tumor2
TAGTTGGGTACAGTTC-1	tumor2
TAGTTGGGTTACTGAC-1	tumor2
TAGTTGGTCATGGTCA-1	tumor2
TAGTTGGTCTGGGCCA-1	tumor2
TAGTTGGTCTTCAACT-1	tumor2
TATCAGGAGCTACCTA-1	tumor2
TATCAGGAGTGACATA-1	tumor2
TATCAGGAGTTAGGTA-1	tumor2
TATCAGGCATCATCCC-1	tumor2
TATCAGGTCCAAGTAC-1	tumor2
TATCAGGTCTGGTTCC-1	tumor2
TATCTCAAGAGACGAA-1	tumor2
TATCTCAGTCTGCCAG-1	tumor2
TATCTCAGTGAGTGAC-1	tumor2
TATCTCAGTTCGCTAA-1	tumor2
TATCTCATCGGCGGTT-1	tumor2
TATCTCATCGTTTAGG-1	tumor2
TATGCCCAGAGCTTCT-1	tumor2
TATGCCCCAAACGTGG-1	tumor2
TATGCCCGTACAGTGG-1	tumor2
TATGCCCGTGAAGGCT-1	tumor2
TATGCCCGTTACAGAA-1	tumor2
TATTACCAGCGATCCC-1	tumor2
TATTACCAGTACGACG-1	tumor2
TATTACCGTAAGTGGC-1	tumor2
TATTACCGTATAGTAG-1	tumor2
TATTACCGTCCAGTTA-1	tumor2
TATTACCGTGCTCTTC-1	tumor2
TATTACCGTTTGTTTC-1	tumor2
TATTACCTCACATACG-1	tumor2
TATTACCTCACCTTAT-1	tumor2
TATTACCTCACGATGT-1	tumor2
TATTACCTCATAACCG-1	tumor2
TATTACCTCCGTAGGC-1	tumor2
TATTACCTCTCTGAGA-1	tumor2
TATTACCTCTGCTGCT-1	tumor2
TCAACGACAGCTATTG-1	tumor2
TCAACGAGTCTTCTCG-1	tumor2
TCAACGAGTTGCGTTA-1	tumor2
TCAACGATCATGGTCA-1	tumor2
TCAACGATCTGTCAAG-1	tumor2
TCAATCTAGATAGCAT-1	tumor2
TCAATCTCAGGTGGAT-1	tumor2
TCACAAGGTGCTTCTC-1	tumor2
TCACAAGTCCAGTAGT-1	tumor2
TCACGAAGTGCAGTAG-1	tumor2
TCACGAAGTGCCTTGG-1	tumor2
TCACGAAGTTACGCGC-1	tumor2
TCACGAATCTTTCCTC-1	tumor2
TCAGATGGTCAAACTC-1	tumor2
TCAGCAAAGAGCTTCT-1	tumor2
TCAGCAAGTAGCGTAG-1	tumor2
TCAGCAAGTCGCATAT-1	tumor2
TCAGCTCAGATGGGTC-1	tumor2
TCAGCTCCAATCCAAC-1	tumor2
TCAGCTCCAGCCTATA-1	tumor2
TCAGCTCCATCTCCCA-1	tumor2
TCAGCTCCATGACGGA-1	tumor2
TCAGCTCGTCATACTG-1	tumor2
TCAGGATCACGAAGCA-1	tumor2
TCAGGATGTTTGACTG-1	tumor2
TCAGGATTCGTCCAGG-1	tumor2
TCAGGATTCTCAACTT-1	tumor2
TCAGGATTCTTGAGAC-1	tumor2
TCAGGTAAGGCTAGCA-1	tumor2
TCAGGTACAATCAGAA-1	tumor2
TCAGGTACAGGGTTAG-1	tumor2
TCAGGTAGTACCGCTG-1	tumor2
TCAGGTAGTAGTGAAT-1	tumor2
TCAGGTAGTCATCCCT-1	tumor2
TCAGGTATCAGGTTCA-1	tumor2
TCAGGTATCGCTGATA-1	tumor2
TCATTACAGAGATGAG-1	tumor2
TCATTACAGCTGTCTA-1	tumor2
TCATTACAGTCGATAA-1	tumor2
TCATTACCACTCAGGC-1	tumor2
TCATTACCAGATAATG-1	tumor2
TCATTACCATGGTTGT-1	tumor2
TCATTACGTACCGGCT-1	tumor2
TCATTACGTAGCACGA-1	tumor2
TCATTACGTGTCCTCT-1	tumor2
TCATTACGTTACCAGT-1	tumor2
TCATTACTCATCATTC-1	tumor2
TCATTACTCCGCATAA-1	tumor2
TCATTACTCGTTTAGG-1	tumor2
TCATTACTCTCGTTTA-1	tumor2
TCATTTGAGTCGCCGT-1	tumor2
TCATTTGGTCAGAATA-1	tumor2
TCATTTGGTCATGCAT-1	tumor2
TCATTTGGTCGATTGT-1	tumor2
TCATTTGGTGCACCAC-1	tumor2
TCATTTGTCGCCTGAG-1	tumor2
TCCACACCACGAAACG-1	tumor2
TCCACACCATATACGC-1	tumor2
TCCACACGTCCGACGT-1	tumor2
TCCACACGTCCTCCAT-1	tumor2
TCCACACGTCTTGTCC-1	tumor2
TCCCGATAGTAGGTGC-1	tumor2
TCCCGATCAGACGCTC-1	tumor2
TCCCGATCATATGGTC-1	tumor2
TCCCGATCATGCCCGA-1	tumor2
TCCCGATCATGGAATA-1	tumor2
TCCCGATGTAGCCTCG-1	tumor2
TCCCGATGTAGTGAAT-1	tumor2
TCCCGATTCTAAGCCA-1	tumor2
TCGAGGCAGTTACCCA-1	tumor2
TCGAGGCCATGGTCAT-1	tumor2
TCGAGGCGTCTCTTTA-1	tumor2
TCGAGGCTCAATCACG-1	tumor2
TCGAGGCTCTGTTTGT-1	tumor2
TCGAGGCTCTTGTACT-1	tumor2
TCGCGAGAGGACAGCT-1	tumor2
TCGCGAGCAAGTACCT-1	tumor2
TCGCGAGCACCCATTC-1	tumor2
TCGCGAGCAGATCCAT-1	tumor2
TCGCGAGGTATCGCAT-1	tumor2
TCGCGAGGTGATGCCC-1	tumor2
TCGCGAGTCACCTTAT-1	tumor2
TCGCGAGTCTAACTCT-1	tumor2
TCGCGTTAGAGGTTGC-1	tumor2
TCGCGTTAGATCCGAG-1	tumor2
TCGCGTTAGTGTACTC-1	tumor2
TCGCGTTGTAAGTGGC-1	tumor2
TCGCGTTGTCTAGCCG-1	tumor2
TCGCGTTGTCTCTCTG-1	tumor2
TCGGGACCACATTTCT-1	tumor2
TCGGGACCATCGGGTC-1	tumor2
TCGGGACCATGATCCA-1	tumor2
TCGGGACGTCTCAACA-1	tumor2
TCGGGACGTGTCTGAT-1	tumor2
TCGGGACTCCAGGGCT-1	tumor2
TCGGGACTCTCTGTCG-1	tumor2
TCGGTAAAGGACACCA-1	tumor2
TCGGTAACAAGTACCT-1	tumor2
TCGGTAACAGATTGCT-1	tumor2
TCGGTAATCCATGAAC-1	tumor2
TCGTACCAGCTGAAAT-1	tumor2
TCGTACCAGTGCGTGA-1	tumor2
TCGTACCCACACATGT-1	tumor2
TCGTACCCACATCCGG-1	tumor2
TCGTACCCAGATCGGA-1	tumor2
TCGTACCCATCACGTA-1	tumor2
TCGTACCGTACAGTTC-1	tumor2
TCGTACCGTACATCCA-1	tumor2
TCGTACCGTATGCTTG-1	tumor2
TCGTACCTCAACACTG-1	tumor2
TCGTACCTCCTGTACC-1	tumor2
TCGTACCTCGGAAACG-1	tumor2
TCGTACCTCTGGAGCC-1	tumor2
TCGTAGAAGCTGTTCA-1	tumor2
TCGTAGAAGGCATGTG-1	tumor2
TCGTAGAAGGCCCTCA-1	tumor2
TCGTAGAGTCGCCATG-1	tumor2
TCGTAGAGTGTTCTTT-1	tumor2
TCGTAGAGTTGCGCAC-1	tumor2
TCGTAGATCCGCGTTT-1	tumor2
TCTATTGAGGACACCA-1	tumor2
TCTATTGAGGAGTACC-1	tumor2
TCTATTGCAGTATGCT-1	tumor2
TCTATTGCAGTGAGTG-1	tumor2
TCTCATAAGAGGTTGC-1	tumor2
TCTCATACAAGTCTGT-1	tumor2
TCTCATAGTAGCGTAG-1	tumor2
TCTCATAGTCTCTTAT-1	tumor2
TCTCATAGTTGAGGTG-1	tumor2
TCTCATATCAGCCTAA-1	tumor2
TCTCTAAAGAATAGGG-1	tumor2
TCTCTAAAGGAATCGC-1	tumor2
TCTCTAAAGTCCCACG-1	tumor2
TCTCTAACAAACCCAT-1	tumor2
TCTCTAACAGGCAGTA-1	tumor2
TCTCTAACAGGCTGAA-1	tumor2
TCTCTAACAGTGGAGT-1	tumor2
TCTCTAAGTTCGTCTC-1	tumor2
TCTCTAATCATGTCCC-1	tumor2
TCTCTAATCTTCGAGA-1	tumor2
TCTGAGAAGAATAGGG-1	tumor2
TCTGAGAAGACAAAGG-1	tumor2
TCTGAGAAGTATGACA-1	tumor2
TCTGAGACAAAGGTGC-1	tumor2
TCTGAGAGTCAGAGGT-1	tumor2
TCTGAGAGTCTTGTCC-1	tumor2
TCTGGAAAGTGGGCTA-1	tumor2
TCTGGAACAACACGCC-1	tumor2
TCTGGAACAGGACCCT-1	tumor2
TCTGGAAGTAGAGGAA-1	tumor2
TCTGGAATCAACGGCC-1	tumor2
TCTGGAATCACGATGT-1	tumor2
TCTGGAATCTCGTATT-1	tumor2
TCTTCGGAGATAGGAG-1	tumor2
TCTTCGGAGGAGTTGC-1	tumor2
TCTTCGGAGGCATGTG-1	tumor2
TCTTCGGAGGCCCGTT-1	tumor2
TCTTCGGCACCGGAAA-1	tumor2
TCTTCGGCAGCTGGCT-1	tumor2
TCTTCGGCAGGTCTCG-1	tumor2
TCTTCGGCAGTTCATG-1	tumor2
TCTTCGGTCCTTGGTC-1	tumor2
TCTTCGGTCTCGAGTA-1	tumor2
TCTTTCCAGCCCAATT-1	tumor2
TCTTTCCGTTTCGCTC-1	tumor2
TGAAAGAAGGGTGTTG-1	tumor2
TGAAAGAAGGTTCCTA-1	tumor2
TGAAAGAAGTGAAGTT-1	tumor2
TGAAAGACACCAACCG-1	tumor2
TGAAAGACAGGTGGAT-1	tumor2
TGACAACAGGGCTCTC-1	tumor2
TGACAACCAAATCCGT-1	tumor2
TGACAACGTAGCGATG-1	tumor2
TGACAACGTAGGCTGA-1	tumor2
TGACAACGTCAGATAA-1	tumor2
TGACAACTCCTCTAGC-1	tumor2
TGACGGCAGAACAACT-1	tumor2
TGACGGCCAGCCTTTC-1	tumor2
TGACGGCTCACCGGGT-1	tumor2
TGACGGCTCGGACAAG-1	tumor2
TGACGGCTCTTGTCAT-1	tumor2
TGACTAGAGGACCACA-1	tumor2
TGACTAGCAATTGCTG-1	tumor2
TGACTAGCATCTCGCT-1	tumor2
TGACTAGGTCTTGATG-1	tumor2
TGACTAGTCAGCGACC-1	tumor2
TGACTAGTCCAAGCCG-1	tumor2
TGACTAGTCGGGAGTA-1	tumor2
TGACTAGTCTGACCTC-1	tumor2
TGACTAGTCTGGGCCA-1	tumor2
TGACTTTAGCCCAGCT-1	tumor2
TGACTTTCAGACGCTC-1	tumor2
TGACTTTCAGCTCGCA-1	tumor2
TGACTTTGTACCCAAT-1	tumor2
TGACTTTGTGAAGGCT-1	tumor2
TGACTTTGTGCTGTAT-1	tumor2
TGAGAGGAGGCTAGGT-1	tumor2
TGAGAGGAGTCGTACT-1	tumor2
TGAGAGGCACAGACTT-1	tumor2
TGAGAGGGTCAAACTC-1	tumor2
TGAGAGGTCCTACAGA-1	tumor2
TGAGAGGTCGGCGGTT-1	tumor2
TGAGCATAGGATGGAA-1	tumor2
TGAGCATAGGGAAACA-1	tumor2
TGAGCATAGTAATCCC-1	tumor2
TGAGCATCAGCGTCCA-1	tumor2
TGAGCATCATGACATC-1	tumor2
TGAGCATGTCACAAGG-1	tumor2
TGAGCATGTCTAGTGT-1	tumor2
TGAGCATGTGCACTTA-1	tumor2
TGAGCCGAGGGTGTGT-1	tumor2
TGAGCCGCAATACGCT-1	tumor2
TGAGCCGCATATGCTG-1	tumor2
TGAGCCGCATCGATTG-1	tumor2
TGAGCCGCATGCCTTC-1	tumor2
TGAGCCGGTATAAACG-1	tumor2
TGAGCCGGTCGTCTTC-1	tumor2
TGAGCCGGTTACGGAG-1	tumor2
TGAGCCGTCAACGGGA-1	tumor2
TGAGCCGTCAGCAACT-1	tumor2
TGAGCCGTCTGATACG-1	tumor2
TGAGGGAAGATATACG-1	tumor2
TGAGGGAAGATCGATA-1	tumor2
TGAGGGAAGGGAGTAA-1	tumor2
TGAGGGAAGGGCACTA-1	tumor2
TGAGGGACAAGTAATG-1	tumor2
TGAGGGACAGGATCGA-1	tumor2
TGAGGGAGTTATGCGT-1	tumor2
TGATTTCCAAGCGTAG-1	tumor2
TGATTTCCAAGGACAC-1	tumor2
TGATTTCGTCTAGGTT-1	tumor2
TGATTTCTCCTAGTGA-1	tumor2
TGATTTCTCTAACTTC-1	tumor2
TGCACCTAGGCTACGA-1	tumor2
TGCACCTCACAAGCCC-1	tumor2
TGCACCTCAGTAGAGC-1	tumor2
TGCACCTCATGCTGGC-1	tumor2
TGCACCTTCTACTCAT-1	tumor2
TGCACCTTCTGTGCAA-1	tumor2
TGCCAAACAAATTGCC-1	tumor2
TGCCAAACAAGCCCAC-1	tumor2
TGCCAAAGTACATGTC-1	tumor2
TGCCAAAGTTGATTCG-1	tumor2
TGCCAAAGTTTAGGAA-1	tumor2
TGCCAAATCCCAAGTA-1	tumor2
TGCCAAATCTTGTTTG-1	tumor2
TGCCCATAGACCCACC-1	tumor2
TGCCCATAGCGTAGTG-1	tumor2
TGCCCATAGTGTCCCG-1	tumor2
TGCCCATAGTGTGAAT-1	tumor2
TGCCCATCAAAGTCAA-1	tumor2
TGCCCATTCAGCTCTC-1	tumor2
TGCCCATTCGGAGGTA-1	tumor2
TGCCCTACATGTCTCC-1	tumor2
TGCCCTATCACCACCT-1	tumor2
TGCGCAGAGCCCAATT-1	tumor2
TGCGCAGCATTTGCTT-1	tumor2
TGCGCAGGTCAACATC-1	tumor2
TGCGCAGGTGAGCGAT-1	tumor2
TGCGCAGTCCAGTATG-1	tumor2
TGCGCAGTCCCGGATG-1	tumor2
TGCGCAGTCTGCTTGC-1	tumor2
TGCGGGTCACACCGAC-1	tumor2
TGCGGGTGTCTAAACC-1	tumor2
TGCGGGTGTCTTGATG-1	tumor2
TGCGGGTTCACTGGGC-1	tumor2
TGCGTGGAGGCTCAGA-1	tumor2
TGCGTGGCAGTAGAGC-1	tumor2
TGCGTGGCATGCCTTC-1	tumor2
TGCTACCAGAGGGATA-1	tumor2
TGCTACCAGGTGTTAA-1	tumor2
TGCTACCCACCACGTG-1	tumor2
TGCTACCGTGAGTATA-1	tumor2
TGCTACCGTGATGCCC-1	tumor2
TGCTACCGTTTGTTTC-1	tumor2
TGCTGCTAGACTAAGT-1	tumor2
TGCTGCTAGCTAAACA-1	tumor2
TGCTGCTAGGTGTGGT-1	tumor2
TGCTGCTAGTGTGAAT-1	tumor2
TGCTGCTCAAGTAGTA-1	tumor2
TGCTGCTCATGTCTCC-1	tumor2
TGCTGCTGTGCGCTTG-1	tumor2
TGCTGCTTCACTATTC-1	tumor2
TGGACGCAGAGCTATA-1	tumor2
TGGACGCAGCTGATAA-1	tumor2
TGGACGCAGGAGTTTA-1	tumor2
TGGACGCAGTTGTCGT-1	tumor2
TGGACGCCAAGCTGTT-1	tumor2
TGGACGCCAAGGGTCA-1	tumor2
TGGACGCCACGGATAG-1	tumor2
TGGACGCCATCACAAC-1	tumor2
TGGCCAGAGATGCGAC-1	tumor2
TGGCCAGAGTCCATAC-1	tumor2
TGGCCAGAGTCCGTAT-1	tumor2
TGGCCAGCAGACGCAA-1	tumor2
TGGCCAGGTACCGTTA-1	tumor2
TGGCCAGGTGGGTCAA-1	tumor2
TGGCCAGGTGTGACCC-1	tumor2
TGGCCAGGTTTGTTGG-1	tumor2
TGGCCAGTCACCGGGT-1	tumor2
TGGCCAGTCTTGTACT-1	tumor2
TGGCGCAAGATAGGAG-1	tumor2
TGGCGCAAGGCTAGCA-1	tumor2
TGGCGCAGTATGAATG-1	tumor2
TGGCGCAGTCAGAGGT-1	tumor2
TGGCGCATCCAGAGGA-1	tumor2
TGGCGCATCCTTTACA-1	tumor2
TGGCTGGAGAGGGATA-1	tumor2
TGGCTGGAGGCATTGG-1	tumor2
TGGCTGGCACGAAATA-1	tumor2
TGGCTGGCAGAGTGTG-1	tumor2
TGGCTGGCAGCCTTTC-1	tumor2
TGGCTGGGTCCCGACA-1	tumor2
TGGCTGGGTTCCAACA-1	tumor2
TGGCTGGTCCTAGTGA-1	tumor2
TGGCTGGTCGTATCAG-1	tumor2
TGGGAAGGTGTGCCTG-1	tumor2
TGGGAAGGTTATCACG-1	tumor2
TGGGAAGTCCAGAAGG-1	tumor2
TGGGAAGTCTACTTAC-1	tumor2
TGGGAAGTCTGGGCCA-1	tumor2
TGGGCGTAGATAGGAG-1	tumor2
TGGGCGTAGGACACCA-1	tumor2
TGGGCGTCACGAAACG-1	tumor2
TGGGCGTCAGTGGAGT-1	tumor2
TGGGCGTGTACTTGAC-1	tumor2
TGGGCGTTCCAAATGC-1	tumor2
TGGGCGTTCGCCTGTT-1	tumor2
TGGTTAGAGGGCTCTC-1	tumor2
TGGTTAGCACTCGACG-1	tumor2
TGGTTAGCAGACGCAA-1	tumor2
TGGTTAGGTTACGGAG-1	tumor2
TGGTTAGTCGCGGATC-1	tumor2
TGGTTCCAGGCGCTCT-1	tumor2
TGGTTCCAGGGCTCTC-1	tumor2
TGGTTCCAGTTGTCGT-1	tumor2
TGGTTCCCAAACTGTC-1	tumor2
TGGTTCCCAGGCGATA-1	tumor2
TGGTTCCGTGTCTGAT-1	tumor2
TGGTTCCTCTCCGGTT-1	tumor2
TGTATTCAGGAGCGTT-1	tumor2
TGTATTCAGTGTTGAA-1	tumor2
TGTATTCAGTTATCGC-1	tumor2
TGTATTCGTCTACCTC-1	tumor2
TGTATTCGTTAAGACA-1	tumor2
TGTATTCGTTCACGGC-1	tumor2
TGTATTCTCGAACGGA-1	tumor2
TGTATTCTCTGCAAGT-1	tumor2
TGTCCCACAGGGCATA-1	tumor2
TGTGGTAAGCAAATCA-1	tumor2
TGTGGTAAGGAATTAC-1	tumor2
TGTGGTAAGGTAGCTG-1	tumor2
TGTGGTAAGGTGTTAA-1	tumor2
TGTGGTACACCAGCAC-1	tumor2
TGTGGTACAGATCCAT-1	tumor2
TGTGGTAGTGCTTCTC-1	tumor2
TGTGTTTAGAAACCGC-1	tumor2
TGTGTTTAGCAGGTCA-1	tumor2
TGTGTTTAGTCGTTTG-1	tumor2
TGTGTTTCACGAAACG-1	tumor2
TGTGTTTCAGCTGCAC-1	tumor2
TGTGTTTCAGCTGTGC-1	tumor2
TGTGTTTCATTAGGCT-1	tumor2
TGTGTTTGTATAAACG-1	tumor2
TGTGTTTGTCACCCAG-1	tumor2
TGTGTTTGTGAAAGAG-1	tumor2
TGTGTTTGTTCGGCAC-1	tumor2
TGTTCCGAGACTCGGA-1	tumor2
TGTTCCGAGAGGGCTT-1	tumor2
TGTTCCGAGCTTTGGT-1	tumor2
TGTTCCGCATTAACCG-1	tumor2
TGTTCCGGTCGCGAAA-1	tumor2
TGTTCCGTCAACGCTA-1	tumor2
TGTTCCGTCAGCTTAG-1	tumor2
TGTTCCGTCTGTTTGT-1	tumor2
TTAACTCCAAAGGCGT-1	tumor2
TTAACTCCATCGGACC-1	tumor2
TTAACTCCATTTCACT-1	tumor2
TTAACTCGTTACTGAC-1	tumor2
TTAACTCTCACCGTAA-1	tumor2
TTAACTCTCCATGAAC-1	tumor2
TTAACTCTCTCGCATC-1	tumor2
TTAGGACAGGTAGCTG-1	tumor2
TTAGGACCAAGTACCT-1	tumor2
TTAGGACCATGTTGAC-1	tumor2
TTAGGACGTAGAAGGA-1	tumor2
TTAGGACGTGAGCGAT-1	tumor2
TTAGGACTCACAATGC-1	tumor2
TTAGGACTCTTACCGC-1	tumor2
TTAGGCAAGAAACCAT-1	tumor2
TTAGGCAAGTACGTAA-1	tumor2
TTAGGCAAGTGGGTTG-1	tumor2
TTAGGCACAGTGAGTG-1	tumor2
TTAGGCACATGAACCT-1	tumor2
TTAGGCACATGCTAGT-1	tumor2
TTAGGCAGTGGTAACG-1	tumor2
TTAGGCAGTTGGACCC-1	tumor2
TTAGGCATCGCCAGCA-1	tumor2
TTAGGCATCGCTAGCG-1	tumor2
TTAGTTCAGCAACGGT-1	tumor2
TTAGTTCGTCTCTTAT-1	tumor2
TTAGTTCGTGCAACGA-1	tumor2
TTAGTTCGTGTGAATA-1	tumor2
TTAGTTCTCACCTCGT-1	tumor2
TTAGTTCTCACGCGGT-1	tumor2
TTAGTTCTCCTAGAAC-1	tumor2
TTCCCAGCACCCATTC-1	tumor2
TTCCCAGCAGGACCCT-1	tumor2
TTCCCAGGTCGAAAGC-1	tumor2
TTCCCAGGTGAGGGTT-1	tumor2
TTCCCAGTCCTAGAAC-1	tumor2
TTCCCAGTCGACGGAA-1	tumor2
TTCCCAGTCTGCAAGT-1	tumor2
TTCCCAGTCTGGAGCC-1	tumor2
TTCGAAGAGCGGCTTC-1	tumor2
TTCGAAGGTACCGAGA-1	tumor2
TTCGAAGTCACATAGC-1	tumor2
TTCGGTCCAAGGTTCT-1	tumor2
TTCGGTCCACAGAGGT-1	tumor2
TTCGGTCCAGATCGGA-1	tumor2
TTCGGTCCAGCTGCAC-1	tumor2
TTCGGTCGTCATTAGC-1	tumor2
TTCGGTCGTTCCATGA-1	tumor2
TTCGGTCTCTCATTCA-1	tumor2
TTCGGTCTCTGGGCCA-1	tumor2
TTCTACAAGTCTTGCA-1	tumor2
TTCTACAAGTGTCCAT-1	tumor2
TTCTACACATTAGCCA-1	tumor2
TTCTACAGTTAGATGA-1	tumor2
TTCTACAGTTGAACTC-1	tumor2
TTCTACATCTTGACGA-1	tumor2
TTCTCAAAGGACAGAA-1	tumor2
TTCTCAACATTACCTT-1	tumor2
TTCTCCTAGAACTCGG-1	tumor2
TTCTCCTAGACTACAA-1	tumor2
TTCTCCTAGCTCTCGG-1	tumor2
TTCTCCTAGTACATGA-1	tumor2
TTCTCCTAGTGTACTC-1	tumor2
TTCTCCTTCATACGGT-1	tumor2
TTCTTAGAGTTACGGG-1	tumor2
TTCTTAGCATGATCCA-1	tumor2
TTCTTAGGTGACGGTA-1	tumor2
TTCTTAGGTTAAGGGC-1	tumor2
TTCTTAGTCTGAGGGA-1	tumor2
TTGAACGAGAATTCCC-1	tumor2
TTGAACGAGACGCACA-1	tumor2
TTGAACGAGCTGTTCA-1	tumor2
TTGAACGCATTGGCGC-1	tumor2
TTGAACGGTACACCGC-1	tumor2
TTGAACGGTAGAAAGG-1	tumor2
TTGAACGGTCTAGGTT-1	tumor2
TTGAACGTCGGGAGTA-1	tumor2
TTGAACGTCGTTTAGG-1	tumor2
TTGACTTAGGCTCAGA-1	tumor2
TTGACTTAGGGATGGG-1	tumor2
TTGACTTAGTACGTAA-1	tumor2
TTGACTTCAATCCAAC-1	tumor2
TTGACTTCACCCAGTG-1	tumor2
TTGACTTGTACAGTGG-1	tumor2
TTGACTTGTCACACGC-1	tumor2
TTGACTTGTTCGTCTC-1	tumor2
TTGACTTTCCTATTCA-1	tumor2
TTGACTTTCTAACTTC-1	tumor2
TTGACTTTCTCAACTT-1	tumor2
TTGACTTTCTTCTGGC-1	tumor2
TTGCCGTAGACACTAA-1	tumor2
TTGCCGTAGCAACGGT-1	tumor2
TTGCCGTAGTGTTAGA-1	tumor2
TTGCCGTCAAGGTTCT-1	tumor2
TTGCCGTCAATAGCGG-1	tumor2
TTGCCGTGTATAGGTA-1	tumor2
TTGCCGTTCAACGGCC-1	tumor2
TTGCCGTTCAGCACAT-1	tumor2
TTGCGTCAGCTGCGAA-1	tumor2
TTGCGTCCACTCAGGC-1	tumor2
TTGCGTCGTCGCGTGT-1	tumor2
TTGCGTCGTGACGCCT-1	tumor2
TTGCGTCTCAGTCCCT-1	tumor2
TTGCGTCTCATCATTC-1	tumor2
TTGGAACAGATCTGAA-1	tumor2
TTGGAACAGCCCTAAT-1	tumor2
TTGGAACAGCGCCTCA-1	tumor2
TTGGAACAGCGCTCCA-1	tumor2
TTGGAACAGGTGATAT-1	tumor2
TTGGAACAGTACGATA-1	tumor2
TTGGAACAGTACGCCC-1	tumor2
TTGGAACGTCAAGCGA-1	tumor2
TTGGAACGTCTCACCT-1	tumor2
TTGGAACTCCTACAGA-1	tumor2
TTGGCAACAACTGCGC-1	tumor2
TTGGCAACAAGACGTG-1	tumor2
TTGGCAAGTCTAACGT-1	tumor2
TTGTAGGCACTGTCGG-1	tumor2
TTGTAGGCAGTCCTTC-1	tumor2
TTGTAGGTCATAAAGG-1	tumor2
TTGTAGGTCTTGCATT-1	tumor2
TTTACTGAGAAACCGC-1	tumor2
TTTACTGAGGTAAACT-1	tumor2
TTTACTGCAAGCGATG-1	tumor2
TTTACTGCAAGTACCT-1	tumor2
TTTACTGCAGCCTGTG-1	tumor2
TTTACTGCAGGATCGA-1	tumor2
TTTACTGGTACTTGAC-1	tumor2
TTTACTGGTGAAGGCT-1	tumor2
TTTACTGGTTTAGGAA-1	tumor2
TTTACTGTCACAAACC-1	tumor2
TTTACTGTCTACCAGA-1	tumor2
TTTACTGTCTTCCTTC-1	tumor2
TTTACTGTCTTGCATT-1	tumor2
TTTATGCCAGCTGTGC-1	tumor2
TTTATGCCATGTAGTC-1	tumor2
TTTATGCGTCTCCACT-1	tumor2
TTTCCTCCACCGAATT-1	tumor2
TTTCCTCGTAGAAAGG-1	tumor2
TTTCCTCTCCAAATGC-1	tumor2
TTTCCTCTCGCGTTTC-1	tumor2
TTTGCGCGTCGCGTGT-1	tumor2
TTTGCGCGTTGAACTC-1	tumor2
TTTGCGCGTTGCTCCT-1	tumor2
TTTGCGCTCTCGCATC-1	tumor2
TTTGGTTGTAGCTTGT-1	tumor2
TTTGGTTGTATCACCA-1	tumor2
TTTGGTTGTGTGGCTC-1	tumor2
TTTGGTTTCAAGGTAA-1	tumor2
TTTGGTTTCACAAACC-1	tumor2
TTTGTCACAAGCCGTC-1	tumor2
TTTGTCACAATTGCTG-1	tumor2
TTTGTCACACACGCTG-1	tumor2
TTTGTCAGTAAGAGGA-1	tumor2
TTTGTCAGTAGCCTCG-1	tumor2
TTTGTCATCAGATAAG-1	tumor2
TTTGTCATCTCTTGAT-1	tumor2
